Workbook

Sheet Executive Dashboard
A1: Stock Name | B1: Average Annual Return | C1: Annualized Volatility | D1: 5 Year Trend
A2: TCS | B2: =TCS!F2 -> -0.070153232 | C2: =TCS!E2 -> 0.21880103
A3: INFOSYS | B3: =INFOSYS!F2 -> -0.048925878 | C3: =INFOSYS!E2 -> 0.25480536
A4: HDFC | B4: =HDFC!F2 -> 0.032279813 | C4: =HDFC!E2 -> 0.20937815
A5: ICICI | B5: =ICICI!F2 -> 0.174235 | C5: =ICICI!E2 -> 0.20404637

Sheet TCS
A1: =IFERROR(__xludf.DUMMYFUNCTION("GOOGLEFINANCE(""NSE:TCS"", ""price"", TODAY()-1825, TODAY(), ""DAILY"")"),"Date") -> Date | B1: =IFERROR(__xludf.DUMMYFUNCTION("""COMPUTED_VALUE"""),"Close") -> Close | C1: Daily Return % | D1: 50-Day Moving Average (SMA) | E1: Annualized Volatility (Risk) | F1: Average Annual Return
A2: =IFERROR(__xludf.DUMMYFUNCTION("""COMPUTED_VALUE"""),44375.6458333333) -> 44375.646 | B2: =IFERROR(__xludf.DUMMYFUNCTION("""COMPUTED_VALUE"""),3336.75) -> 3336.75 | E2: =_xlfn.STDEV.S(C:C) * SQRT(252) -> 0.21880103 | F2: =AVERAGE(C:C)*252 -> -0.070153232
A3: =IFERROR(__xludf.DUMMYFUNCTION("""COMPUTED_VALUE"""),44376.6458333333) -> 44376.646 | B3: =IFERROR(__xludf.DUMMYFUNCTION("""COMPUTED_VALUE"""),3340.85) -> 3340.85 | C3: =(B3-B2)/B2 -> 0.0012287405
A4: =IFERROR(__xludf.DUMMYFUNCTION("""COMPUTED_VALUE"""),44377.6458333333) -> 44377.646 | B4: =IFERROR(__xludf.DUMMYFUNCTION("""COMPUTED_VALUE"""),3345.75) -> 3345.75 | C4: =(B4-B3)/B3 -> 0.0014666926
A5: =IFERROR(__xludf.DUMMYFUNCTION("""COMPUTED_VALUE"""),44378.6458333333) -> 44378.646 | B5: =IFERROR(__xludf.DUMMYFUNCTION("""COMPUTED_VALUE"""),3341.5) -> 3341.5 | C5: =(B5-B4)/B4 -> -0.0012702683
A6: =IFERROR(__xludf.DUMMYFUNCTION("""COMPUTED_VALUE"""),44379.6458333333) -> 44379.646 | B6: =IFERROR(__xludf.DUMMYFUNCTION("""COMPUTED_VALUE"""),3325.45) -> 3325.45 | C6: =(B6-B5)/B5 -> -0.0048032321
A7: =IFERROR(__xludf.DUMMYFUNCTION("""COMPUTED_VALUE"""),44382.6458333333) -> 44382.646 | B7: =IFERROR(__xludf.DUMMYFUNCTION("""COMPUTED_VALUE"""),3321) -> 3321 | C7: =(B7-B6)/B6 -> -0.0013381648
A8: =IFERROR(__xludf.DUMMYFUNCTION("""COMPUTED_VALUE"""),44383.6458333333) -> 44383.646 | B8: =IFERROR(__xludf.DUMMYFUNCTION("""COMPUTED_VALUE"""),3262.3) -> 3262.3 | C8: =(B8-B7)/B7 -> -0.017675399
A9: =IFERROR(__xludf.DUMMYFUNCTION("""COMPUTED_VALUE"""),44384.6458333333) -> 44384.646 | B9: =IFERROR(__xludf.DUMMYFUNCTION("""COMPUTED_VALUE"""),3274.95) -> 3274.95 | C9: =(B9-B8)/B8 -> 0.0038776323
A10: =IFERROR(__xludf.DUMMYFUNCTION("""COMPUTED_VALUE"""),44385.6458333333) -> 44385.646 | B10: =IFERROR(__xludf.DUMMYFUNCTION("""COMPUTED_VALUE"""),3258.5) -> 3258.5 | C10: =(B10-B9)/B9 -> -0.0050229775
A11: =IFERROR(__xludf.DUMMYFUNCTION("""COMPUTED_VALUE"""),44386.6458333333) -> 44386.646 | B11: =IFERROR(__xludf.DUMMYFUNCTION("""COMPUTED_VALUE"""),3208.15) -> 3208.15 | C11: =(B11-B10)/B10 -> -0.015451895
A12: =IFERROR(__xludf.DUMMYFUNCTION("""COMPUTED_VALUE"""),44389.6458333333) -> 44389.646 | B12: =IFERROR(__xludf.DUMMYFUNCTION("""COMPUTED_VALUE"""),3193.1) -> 3193.1 | C12: =(B12-B11)/B11 -> -0.0046911772
A13: =IFERROR(__xludf.DUMMYFUNCTION("""COMPUTED_VALUE"""),44390.6458333333) -> 44390.646 | B13: =IFERROR(__xludf.DUMMYFUNCTION("""COMPUTED_VALUE"""),3187.55) -> 3187.55 | C13: =(B13-B12)/B12 -> -0.0017381228
A14: =IFERROR(__xludf.DUMMYFUNCTION("""COMPUTED_VALUE"""),44391.6458333333) -> 44391.646 | B14: =IFERROR(__xludf.DUMMYFUNCTION("""COMPUTED_VALUE"""),3214.55) -> 3214.55 | C14: =(B14-B13)/B13 -> 0.0084704554
A15: =IFERROR(__xludf.DUMMYFUNCTION("""COMPUTED_VALUE"""),44392.6458333333) -> 44392.646 | B15: =IFERROR(__xludf.DUMMYFUNCTION("""COMPUTED_VALUE"""),3202.95) -> 3202.95 | C15: =(B15-B14)/B14 -> -0.0036085922
A16: =IFERROR(__xludf.DUMMYFUNCTION("""COMPUTED_VALUE"""),44393.6458333333) -> 44393.646 | B16: =IFERROR(__xludf.DUMMYFUNCTION("""COMPUTED_VALUE"""),3194.8) -> 3194.8 | C16: =(B16-B15)/B15 -> -0.0025445293
A17: =IFERROR(__xludf.DUMMYFUNCTION("""COMPUTED_VALUE"""),44396.6458333333) -> 44396.646 | B17: =IFERROR(__xludf.DUMMYFUNCTION("""COMPUTED_VALUE"""),3184.6) -> 3184.6 | C17: =(B17-B16)/B16 -> -0.0031926881
A18: =IFERROR(__xludf.DUMMYFUNCTION("""COMPUTED_VALUE"""),44397.6458333333) -> 44397.646 | B18: =IFERROR(__xludf.DUMMYFUNCTION("""COMPUTED_VALUE"""),3205.8) -> 3205.8 | C18: =(B18-B17)/B17 -> 0.006657037
A19: =IFERROR(__xludf.DUMMYFUNCTION("""COMPUTED_VALUE"""),44399.6458333333) -> 44399.646 | B19: =IFERROR(__xludf.DUMMYFUNCTION("""COMPUTED_VALUE"""),3216.35) -> 3216.35 | C19: =(B19-B18)/B18 -> 0.0032909102
A20: =IFERROR(__xludf.DUMMYFUNCTION("""COMPUTED_VALUE"""),44400.6458333333) -> 44400.646 | B20: =IFERROR(__xludf.DUMMYFUNCTION("""COMPUTED_VALUE"""),3212.85) -> 3212.85 | C20: =(B20-B19)/B19 -> -0.00108819
A21: =IFERROR(__xludf.DUMMYFUNCTION("""COMPUTED_VALUE"""),44403.6458333333) -> 44403.646 | B21: =IFERROR(__xludf.DUMMYFUNCTION("""COMPUTED_VALUE"""),3197.55) -> 3197.55 | C21: =(B21-B20)/B20 -> -0.0047621271
A22: =IFERROR(__xludf.DUMMYFUNCTION("""COMPUTED_VALUE"""),44404.6458333333) -> 44404.646 | B22: =IFERROR(__xludf.DUMMYFUNCTION("""COMPUTED_VALUE"""),3182.95) -> 3182.95 | C22: =(B22-B21)/B21 -> -0.0045659958
A23: =IFERROR(__xludf.DUMMYFUNCTION("""COMPUTED_VALUE"""),44405.6458333333) -> 44405.646 | B23: =IFERROR(__xludf.DUMMYFUNCTION("""COMPUTED_VALUE"""),3197.8) -> 3197.8 | C23: =(B23-B22)/B22 -> 0.0046654833
A24: =IFERROR(__xludf.DUMMYFUNCTION("""COMPUTED_VALUE"""),44406.6458333333) -> 44406.646 | B24: =IFERROR(__xludf.DUMMYFUNCTION("""COMPUTED_VALUE"""),3195.8) -> 3195.8 | C24: =(B24-B23)/B23 -> -0.00062542998
A25: =IFERROR(__xludf.DUMMYFUNCTION("""COMPUTED_VALUE"""),44407.6458333333) -> 44407.646 | B25: =IFERROR(__xludf.DUMMYFUNCTION("""COMPUTED_VALUE"""),3167.45) -> 3167.45 | C25: =(B25-B24)/B24 -> -0.0088710182
A26: =IFERROR(__xludf.DUMMYFUNCTION("""COMPUTED_VALUE"""),44410.6458333333) -> 44410.646 | B26: =IFERROR(__xludf.DUMMYFUNCTION("""COMPUTED_VALUE"""),3219.4) -> 3219.4 | C26: =(B26-B25)/B25 -> 0.016401206
A27: =IFERROR(__xludf.DUMMYFUNCTION("""COMPUTED_VALUE"""),44411.6458333333) -> 44411.646 | B27: =IFERROR(__xludf.DUMMYFUNCTION("""COMPUTED_VALUE"""),3284.9) -> 3284.9 | C27: =(B27-B26)/B26 -> 0.020345406
A28: =IFERROR(__xludf.DUMMYFUNCTION("""COMPUTED_VALUE"""),44412.6458333333) -> 44412.646 | B28: =IFERROR(__xludf.DUMMYFUNCTION("""COMPUTED_VALUE"""),3273.95) -> 3273.95 | C28: =(B28-B27)/B27 -> -0.0033334348
A29: =IFERROR(__xludf.DUMMYFUNCTION("""COMPUTED_VALUE"""),44413.6458333333) -> 44413.646 | B29: =IFERROR(__xludf.DUMMYFUNCTION("""COMPUTED_VALUE"""),3283.95) -> 3283.95 | C29: =(B29-B28)/B28 -> 0.0030544144
A30: =IFERROR(__xludf.DUMMYFUNCTION("""COMPUTED_VALUE"""),44414.6458333333) -> 44414.646 | B30: =IFERROR(__xludf.DUMMYFUNCTION("""COMPUTED_VALUE"""),3309.8) -> 3309.8 | C30: =(B30-B29)/B29 -> 0.007871618
A31: =IFERROR(__xludf.DUMMYFUNCTION("""COMPUTED_VALUE"""),44417.6458333333) -> 44417.646 | B31: =IFERROR(__xludf.DUMMYFUNCTION("""COMPUTED_VALUE"""),3322.7) -> 3322.7 | C31: =(B31-B30)/B30 -> 0.0038975165
A32: =IFERROR(__xludf.DUMMYFUNCTION("""COMPUTED_VALUE"""),44418.6458333333) -> 44418.646 | B32: =IFERROR(__xludf.DUMMYFUNCTION("""COMPUTED_VALUE"""),3333.9) -> 3333.9 | C32: =(B32-B31)/B31 -> 0.0033707527
A33: =IFERROR(__xludf.DUMMYFUNCTION("""COMPUTED_VALUE"""),44419.6458333333) -> 44419.646 | B33: =IFERROR(__xludf.DUMMYFUNCTION("""COMPUTED_VALUE"""),3344.2) -> 3344.2 | C33: =(B33-B32)/B32 -> 0.0030894748
A34: =IFERROR(__xludf.DUMMYFUNCTION("""COMPUTED_VALUE"""),44420.6458333333) -> 44420.646 | B34: =IFERROR(__xludf.DUMMYFUNCTION("""COMPUTED_VALUE"""),3351.75) -> 3351.75 | C34: =(B34-B33)/B33 -> 0.0022576401
A35: =IFERROR(__xludf.DUMMYFUNCTION("""COMPUTED_VALUE"""),44421.6458333333) -> 44421.646 | B35: =IFERROR(__xludf.DUMMYFUNCTION("""COMPUTED_VALUE"""),3463.4) -> 3463.4 | C35: =(B35-B34)/B34 -> 0.033310957
A36: =IFERROR(__xludf.DUMMYFUNCTION("""COMPUTED_VALUE"""),44424.6458333333) -> 44424.646 | B36: =IFERROR(__xludf.DUMMYFUNCTION("""COMPUTED_VALUE"""),3472.95) -> 3472.95 | C36: =(B36-B35)/B35 -> 0.002757406
A37: =IFERROR(__xludf.DUMMYFUNCTION("""COMPUTED_VALUE"""),44425.6458333333) -> 44425.646 | B37: =IFERROR(__xludf.DUMMYFUNCTION("""COMPUTED_VALUE"""),3553.05) -> 3553.05 | C37: =(B37-B36)/B36 -> 0.023063966
A38: =IFERROR(__xludf.DUMMYFUNCTION("""COMPUTED_VALUE"""),44426.6458333333) -> 44426.646 | B38: =IFERROR(__xludf.DUMMYFUNCTION("""COMPUTED_VALUE"""),3560.55) -> 3560.55 | C38: =(B38-B37)/B37 -> 0.0021108625
A39: =IFERROR(__xludf.DUMMYFUNCTION("""COMPUTED_VALUE"""),44428.6458333333) -> 44428.646 | B39: =IFERROR(__xludf.DUMMYFUNCTION("""COMPUTED_VALUE"""),3559.5) -> 3559.5 | C39: =(B39-B38)/B38 -> -0.00029489826
A40: =IFERROR(__xludf.DUMMYFUNCTION("""COMPUTED_VALUE"""),44431.6458333333) -> 44431.646 | B40: =IFERROR(__xludf.DUMMYFUNCTION("""COMPUTED_VALUE"""),3637.4) -> 3637.4 | C40: =(B40-B39)/B39 -> 0.021885096
A41: =IFERROR(__xludf.DUMMYFUNCTION("""COMPUTED_VALUE"""),44432.6458333333) -> 44432.646 | B41: =IFERROR(__xludf.DUMMYFUNCTION("""COMPUTED_VALUE"""),3613.2) -> 3613.2 | C41: =(B41-B40)/B40 -> -0.0066531039
A42: =IFERROR(__xludf.DUMMYFUNCTION("""COMPUTED_VALUE"""),44433.6458333333) -> 44433.646 | B42: =IFERROR(__xludf.DUMMYFUNCTION("""COMPUTED_VALUE"""),3659) -> 3659 | C42: =(B42-B41)/B41 -> 0.012675744
A43: =IFERROR(__xludf.DUMMYFUNCTION("""COMPUTED_VALUE"""),44434.6458333333) -> 44434.646 | B43: =IFERROR(__xludf.DUMMYFUNCTION("""COMPUTED_VALUE"""),3671.85) -> 3671.85 | C43: =(B43-B42)/B42 -> 0.0035118885
A44: =IFERROR(__xludf.DUMMYFUNCTION("""COMPUTED_VALUE"""),44435.6458333333) -> 44435.646 | B44: =IFERROR(__xludf.DUMMYFUNCTION("""COMPUTED_VALUE"""),3720.15) -> 3720.15 | C44: =(B44-B43)/B43 -> 0.013154132
A45: =IFERROR(__xludf.DUMMYFUNCTION("""COMPUTED_VALUE"""),44438.6458333333) -> 44438.646 | B45: =IFERROR(__xludf.DUMMYFUNCTION("""COMPUTED_VALUE"""),3701.3) -> 3701.3 | C45: =(B45-B44)/B44 -> -0.005067
A46: =IFERROR(__xludf.DUMMYFUNCTION("""COMPUTED_VALUE"""),44439.6458333333) -> 44439.646 | B46: =IFERROR(__xludf.DUMMYFUNCTION("""COMPUTED_VALUE"""),3786.45) -> 3786.45 | C46: =(B46-B45)/B45 -> 0.023005431
A47: =IFERROR(__xludf.DUMMYFUNCTION("""COMPUTED_VALUE"""),44440.6458333333) -> 44440.646 | B47: =IFERROR(__xludf.DUMMYFUNCTION("""COMPUTED_VALUE"""),3714.95) -> 3714.95 | C47: =(B47-B46)/B46 -> -0.018883123
A48: =IFERROR(__xludf.DUMMYFUNCTION("""COMPUTED_VALUE"""),44441.6458333333) -> 44441.646 | B48: =IFERROR(__xludf.DUMMYFUNCTION("""COMPUTED_VALUE"""),3836.75) -> 3836.75 | C48: =(B48-B47)/B47 -> 0.032786444
A49: =IFERROR(__xludf.DUMMYFUNCTION("""COMPUTED_VALUE"""),44442.6458333333) -> 44442.646 | B49: =IFERROR(__xludf.DUMMYFUNCTION("""COMPUTED_VALUE"""),3842.05) -> 3842.05 | C49: =(B49-B48)/B48 -> 0.0013813775
A50: =IFERROR(__xludf.DUMMYFUNCTION("""COMPUTED_VALUE"""),44445.6458333333) -> 44445.646 | B50: =IFERROR(__xludf.DUMMYFUNCTION("""COMPUTED_VALUE"""),3852) -> 3852 | C50: =(B50-B49)/B49 -> 0.0025897633
A51: =IFERROR(__xludf.DUMMYFUNCTION("""COMPUTED_VALUE"""),44446.6458333333) -> 44446.646 | B51: =IFERROR(__xludf.DUMMYFUNCTION("""COMPUTED_VALUE"""),3815.9) -> 3815.9 | C51: =(B51-B50)/B50 -> -0.0093717549 | D51: =AVERAGE(B2:B50) -> 3390.5796
A52: =IFERROR(__xludf.DUMMYFUNCTION("""COMPUTED_VALUE"""),44447.6458333333) -> 44447.646 | B52: =IFERROR(__xludf.DUMMYFUNCTION("""COMPUTED_VALUE"""),3774.15) -> 3774.15 | C52: =(B52-B51)/B51 -> -0.010941062 | D52: =AVERAGE(B3:B51) -> 3400.3582
A53: =IFERROR(__xludf.DUMMYFUNCTION("""COMPUTED_VALUE"""),44448.6458333333) -> 44448.646 | B53: =IFERROR(__xludf.DUMMYFUNCTION("""COMPUTED_VALUE"""),3791.4) -> 3791.4 | C53: =(B53-B52)/B52 -> 0.0045705656 | D53: =AVERAGE(B4:B52) -> 3409.201
A54: =IFERROR(__xludf.DUMMYFUNCTION("""COMPUTED_VALUE"""),44452.6458333333) -> 44452.646 | B54: =IFERROR(__xludf.DUMMYFUNCTION("""COMPUTED_VALUE"""),3845.35) -> 3845.35 | C54: =(B54-B53)/B53 -> 0.014229572 | D54: =AVERAGE(B5:B53) -> 3418.2959
A55: =IFERROR(__xludf.DUMMYFUNCTION("""COMPUTED_VALUE"""),44453.6458333333) -> 44453.646 | B55: =IFERROR(__xludf.DUMMYFUNCTION("""COMPUTED_VALUE"""),3885.9) -> 3885.9 | C55: =(B55-B54)/B54 -> 0.010545204 | D55: =AVERAGE(B6:B54) -> 3428.5786
A56: =IFERROR(__xludf.DUMMYFUNCTION("""COMPUTED_VALUE"""),44454.6458333333) -> 44454.646 | B56: =IFERROR(__xludf.DUMMYFUNCTION("""COMPUTED_VALUE"""),3954.55) -> 3954.55 | C56: =(B56-B55)/B55 -> 0.017666435 | D56: =AVERAGE(B7:B55) -> 3440.0163
A57: =IFERROR(__xludf.DUMMYFUNCTION("""COMPUTED_VALUE"""),44455.6458333333) -> 44455.646 | B57: =IFERROR(__xludf.DUMMYFUNCTION("""COMPUTED_VALUE"""),3903.3) -> 3903.3 | C57: =(B57-B56)/B56 -> -0.012959755 | D57: =AVERAGE(B8:B56) -> 3452.9459
A58: =IFERROR(__xludf.DUMMYFUNCTION("""COMPUTED_VALUE"""),44456.6458333333) -> 44456.646 | B58: =IFERROR(__xludf.DUMMYFUNCTION("""COMPUTED_VALUE"""),3827.85) -> 3827.85 | C58: =(B58-B57)/B57 -> -0.019329798 | D58: =AVERAGE(B9:B57) -> 3466.0276
A59: =IFERROR(__xludf.DUMMYFUNCTION("""COMPUTED_VALUE"""),44459.6458333333) -> 44459.646 | B59: =IFERROR(__xludf.DUMMYFUNCTION("""COMPUTED_VALUE"""),3823.5) -> 3823.5 | C59: =(B59-B58)/B58 -> -0.0011364082 | D59: =AVERAGE(B10:B58) -> 3477.3112
A60: =IFERROR(__xludf.DUMMYFUNCTION("""COMPUTED_VALUE"""),44460.6458333333) -> 44460.646 | B60: =IFERROR(__xludf.DUMMYFUNCTION("""COMPUTED_VALUE"""),3862.95) -> 3862.95 | C60: =(B60-B59)/B59 -> 0.010317772 | D60: =AVERAGE(B11:B59) -> 3488.8418
A61: =IFERROR(__xludf.DUMMYFUNCTION("""COMPUTED_VALUE"""),44461.6458333333) -> 44461.646 | B61: =IFERROR(__xludf.DUMMYFUNCTION("""COMPUTED_VALUE"""),3862.15) -> 3862.15 | C61: =(B61-B60)/B60 -> -0.00020709561 | D61: =AVERAGE(B12:B60) -> 3502.2051
A62: =IFERROR(__xludf.DUMMYFUNCTION("""COMPUTED_VALUE"""),44462.6458333333) -> 44462.646 | B62: =IFERROR(__xludf.DUMMYFUNCTION("""COMPUTED_VALUE"""),3869.25) -> 3869.25 | C62: =(B62-B61)/B61 -> 0.0018383543 | D62: =AVERAGE(B13:B61) -> 3515.8592
A63: =IFERROR(__xludf.DUMMYFUNCTION("""COMPUTED_VALUE"""),44463.6458333333) -> 44463.646 | B63: =IFERROR(__xludf.DUMMYFUNCTION("""COMPUTED_VALUE"""),3871.3) -> 3871.3 | C63: =(B63-B62)/B62 -> 0.00052981844 | D63: =AVERAGE(B14:B62) -> 3529.7714
A64: =IFERROR(__xludf.DUMMYFUNCTION("""COMPUTED_VALUE"""),44466.6458333333) -> 44466.646 | B64: =IFERROR(__xludf.DUMMYFUNCTION("""COMPUTED_VALUE"""),3836.95) -> 3836.95 | C64: =(B64-B63)/B63 -> -0.0088729884 | D64: =AVERAGE(B15:B63) -> 3543.1745
A65: =IFERROR(__xludf.DUMMYFUNCTION("""COMPUTED_VALUE"""),44467.6458333333) -> 44467.646 | B65: =IFERROR(__xludf.DUMMYFUNCTION("""COMPUTED_VALUE"""),3779.15) -> 3779.15 | C65: =(B65-B64)/B64 -> -0.015064048 | D65: =AVERAGE(B16:B64) -> 3556.1133
A66: =IFERROR(__xludf.DUMMYFUNCTION("""COMPUTED_VALUE"""),44468.6458333333) -> 44468.646 | B66: =IFERROR(__xludf.DUMMYFUNCTION("""COMPUTED_VALUE"""),3791.9) -> 3791.9 | C66: =(B66-B65)/B65 -> 0.0033737745 | D66: =AVERAGE(B17:B65) -> 3568.0388
A67: =IFERROR(__xludf.DUMMYFUNCTION("""COMPUTED_VALUE"""),44469.6458333333) -> 44469.646 | B67: =IFERROR(__xludf.DUMMYFUNCTION("""COMPUTED_VALUE"""),3775.55) -> 3775.55 | C67: =(B67-B66)/B66 -> -0.0043118226 | D67: =AVERAGE(B18:B66) -> 3580.4327
A68: =IFERROR(__xludf.DUMMYFUNCTION("""COMPUTED_VALUE"""),44470.6458333333) -> 44470.646 | B68: =IFERROR(__xludf.DUMMYFUNCTION("""COMPUTED_VALUE"""),3730.2) -> 3730.2 | C68: =(B68-B67)/B67 -> -0.012011495 | D68: =AVERAGE(B19:B67) -> 3592.0602
A69: =IFERROR(__xludf.DUMMYFUNCTION("""COMPUTED_VALUE"""),44473.6458333333) -> 44473.646 | B69: =IFERROR(__xludf.DUMMYFUNCTION("""COMPUTED_VALUE"""),3773.3) -> 3773.3 | C69: =(B69-B68)/B68 -> 0.01155434 | D69: =AVERAGE(B20:B68) -> 3602.5469
A70: =IFERROR(__xludf.DUMMYFUNCTION("""COMPUTED_VALUE"""),44474.6458333333) -> 44474.646 | B70: =IFERROR(__xludf.DUMMYFUNCTION("""COMPUTED_VALUE"""),3833.3) -> 3833.3 | C70: =(B70-B69)/B69 -> 0.015901201 | D70: =AVERAGE(B21:B69) -> 3613.9847
A71: =IFERROR(__xludf.DUMMYFUNCTION("""COMPUTED_VALUE"""),44475.6458333333) -> 44475.646 | B71: =IFERROR(__xludf.DUMMYFUNCTION("""COMPUTED_VALUE"""),3810.9) -> 3810.9 | C71: =(B71-B70)/B70 -> -0.0058435291 | D71: =AVERAGE(B22:B70) -> 3626.9592
A72: =IFERROR(__xludf.DUMMYFUNCTION("""COMPUTED_VALUE"""),44476.6458333333) -> 44476.646 | B72: =IFERROR(__xludf.DUMMYFUNCTION("""COMPUTED_VALUE"""),3892.9) -> 3892.9 | C72: =(B72-B71)/B71 -> 0.021517227 | D72: =AVERAGE(B23:B71) -> 3639.7745
A73: =IFERROR(__xludf.DUMMYFUNCTION("""COMPUTED_VALUE"""),44477.6458333333) -> 44477.646 | B73: =IFERROR(__xludf.DUMMYFUNCTION("""COMPUTED_VALUE"""),3935.65) -> 3935.65 | C73: =(B73-B72)/B72 -> 0.01098153 | D73: =AVERAGE(B24:B72) -> 3653.9602
A74: =IFERROR(__xludf.DUMMYFUNCTION("""COMPUTED_VALUE"""),44480.6458333333) -> 44480.646 | B74: =IFERROR(__xludf.DUMMYFUNCTION("""COMPUTED_VALUE"""),3685.6) -> 3685.6 | C74: =(B74-B73)/B73 -> -0.063534613 | D74: =AVERAGE(B25:B73) -> 3669.0592
A75: =IFERROR(__xludf.DUMMYFUNCTION("""COMPUTED_VALUE"""),44481.6458333333) -> 44481.646 | B75: =IFERROR(__xludf.DUMMYFUNCTION("""COMPUTED_VALUE"""),3652.85) -> 3652.85 | C75: =(B75-B74)/B74 -> -0.0088859344 | D75: =AVERAGE(B26:B74) -> 3679.6337
A76: =IFERROR(__xludf.DUMMYFUNCTION("""COMPUTED_VALUE"""),44482.6458333333) -> 44482.646 | B76: =IFERROR(__xludf.DUMMYFUNCTION("""COMPUTED_VALUE"""),3655.2) -> 3655.2 | C76: =(B76-B75)/B75 -> 0.00064333329 | D76: =AVERAGE(B27:B75) -> 3688.4796
A77: =IFERROR(__xludf.DUMMYFUNCTION("""COMPUTED_VALUE"""),44483.6458333333) -> 44483.646 | B77: =IFERROR(__xludf.DUMMYFUNCTION("""COMPUTED_VALUE"""),3611.45) -> 3611.45 | C77: =(B77-B76)/B76 -> -0.011969249 | D77: =AVERAGE(B28:B76) -> 3696.0367
A78: =IFERROR(__xludf.DUMMYFUNCTION("""COMPUTED_VALUE"""),44487.6458333333) -> 44487.646 | B78: =IFERROR(__xludf.DUMMYFUNCTION("""COMPUTED_VALUE"""),3647.15) -> 3647.15 | C78: =(B78-B77)/B77 -> 0.0098852262 | D78: =AVERAGE(B29:B77) -> 3702.9245
A79: =IFERROR(__xludf.DUMMYFUNCTION("""COMPUTED_VALUE"""),44488.6458333333) -> 44488.646 | B79: =IFERROR(__xludf.DUMMYFUNCTION("""COMPUTED_VALUE"""),3634.15) -> 3634.15 | C79: =(B79-B78)/B78 -> -0.003564427 | D79: =AVERAGE(B30:B78) -> 3710.3367
A80: =IFERROR(__xludf.DUMMYFUNCTION("""COMPUTED_VALUE"""),44489.6458333333) -> 44489.646 | B80: =IFERROR(__xludf.DUMMYFUNCTION("""COMPUTED_VALUE"""),3608.85) -> 3608.85 | C80: =(B80-B79)/B79 -> -0.006961738 | D80: =AVERAGE(B31:B79) -> 3716.9561
A81: =IFERROR(__xludf.DUMMYFUNCTION("""COMPUTED_VALUE"""),44490.6458333333) -> 44490.646 | B81: =IFERROR(__xludf.DUMMYFUNCTION("""COMPUTED_VALUE"""),3532.5) -> 3532.5 | C81: =(B81-B80)/B80 -> -0.021156324 | D81: =AVERAGE(B32:B80) -> 3722.7959
A82: =IFERROR(__xludf.DUMMYFUNCTION("""COMPUTED_VALUE"""),44491.6458333333) -> 44491.646 | B82: =IFERROR(__xludf.DUMMYFUNCTION("""COMPUTED_VALUE"""),3498.85) -> 3498.85 | C82: =(B82-B81)/B81 -> -0.0095258316 | D82: =AVERAGE(B33:B81) -> 3726.849
A83: =IFERROR(__xludf.DUMMYFUNCTION("""COMPUTED_VALUE"""),44494.6458333333) -> 44494.646 | B83: =IFERROR(__xludf.DUMMYFUNCTION("""COMPUTED_VALUE"""),3492.95) -> 3492.95 | C83: =(B83-B82)/B82 -> -0.0016862683 | D83: =AVERAGE(B34:B82) -> 3730.0051
A84: =IFERROR(__xludf.DUMMYFUNCTION("""COMPUTED_VALUE"""),44495.6458333333) -> 44495.646 | B84: =IFERROR(__xludf.DUMMYFUNCTION("""COMPUTED_VALUE"""),3482.6) -> 3482.6 | C84: =(B84-B83)/B83 -> -0.0029631114 | D84: =AVERAGE(B35:B83) -> 3732.8867
A85: =IFERROR(__xludf.DUMMYFUNCTION("""COMPUTED_VALUE"""),44496.6458333333) -> 44496.646 | B85: =IFERROR(__xludf.DUMMYFUNCTION("""COMPUTED_VALUE"""),3489.75) -> 3489.75 | C85: =(B85-B84)/B84 -> 0.0020530638 | D85: =AVERAGE(B36:B84) -> 3733.2786
A86: =IFERROR(__xludf.DUMMYFUNCTION("""COMPUTED_VALUE"""),44497.6458333333) -> 44497.646 | B86: =IFERROR(__xludf.DUMMYFUNCTION("""COMPUTED_VALUE"""),3421.65) -> 3421.65 | C86: =(B86-B85)/B85 -> -0.019514292 | D86: =AVERAGE(B37:B85) -> 3733.6214
A87: =IFERROR(__xludf.DUMMYFUNCTION("""COMPUTED_VALUE"""),44498.6458333333) -> 44498.646 | B87: =IFERROR(__xludf.DUMMYFUNCTION("""COMPUTED_VALUE"""),3397.75) -> 3397.75 | C87: =(B87-B86)/B86 -> -0.0069849342 | D87: =AVERAGE(B38:B86) -> 3730.9398
A88: =IFERROR(__xludf.DUMMYFUNCTION("""COMPUTED_VALUE"""),44501.6458333333) -> 44501.646 | B88: =IFERROR(__xludf.DUMMYFUNCTION("""COMPUTED_VALUE"""),3476.4) -> 3476.4 | C88: =(B88-B87)/B87 -> 0.023147671 | D88: =AVERAGE(B39:B87) -> 3727.6173
A89: =IFERROR(__xludf.DUMMYFUNCTION("""COMPUTED_VALUE"""),44502.6458333333) -> 44502.646 | B89: =IFERROR(__xludf.DUMMYFUNCTION("""COMPUTED_VALUE"""),3484.2) -> 3484.2 | C89: =(B89-B88)/B88 -> 0.0022437004 | D89: =AVERAGE(B40:B88) -> 3725.9214
A90: =IFERROR(__xludf.DUMMYFUNCTION("""COMPUTED_VALUE"""),44503.6458333333) -> 44503.646 | B90: =IFERROR(__xludf.DUMMYFUNCTION("""COMPUTED_VALUE"""),3492.25) -> 3492.25 | C90: =(B90-B89)/B89 -> 0.0023104299 | D90: =AVERAGE(B41:B89) -> 3722.7949
A91: =IFERROR(__xludf.DUMMYFUNCTION("""COMPUTED_VALUE"""),44504.8020833333) -> 44504.802 | B91: =IFERROR(__xludf.DUMMYFUNCTION("""COMPUTED_VALUE"""),3508.65) -> 3508.65 | C91: =(B91-B90)/B90 -> 0.0046961128 | D91: =AVERAGE(B42:B90) -> 3720.3265
A92: =IFERROR(__xludf.DUMMYFUNCTION("""COMPUTED_VALUE"""),44508.6458333333) -> 44508.646 | B92: =IFERROR(__xludf.DUMMYFUNCTION("""COMPUTED_VALUE"""),3502.75) -> 3502.75 | C92: =(B92-B91)/B91 -> -0.0016815584 | D92: =AVERAGE(B43:B91) -> 3717.2582
A93: =IFERROR(__xludf.DUMMYFUNCTION("""COMPUTED_VALUE"""),44509.6458333333) -> 44509.646 | B93: =IFERROR(__xludf.DUMMYFUNCTION("""COMPUTED_VALUE"""),3505.7) -> 3505.7 | C93: =(B93-B92)/B92 -> 0.00084219542 | D93: =AVERAGE(B44:B92) -> 3713.8071
A94: =IFERROR(__xludf.DUMMYFUNCTION("""COMPUTED_VALUE"""),44510.6458333333) -> 44510.646 | B94: =IFERROR(__xludf.DUMMYFUNCTION("""COMPUTED_VALUE"""),3484.3) -> 3484.3 | C94: =(B94-B93)/B93 -> -0.0061043444 | D94: =AVERAGE(B45:B93) -> 3709.4306
A95: =IFERROR(__xludf.DUMMYFUNCTION("""COMPUTED_VALUE"""),44511.6458333333) -> 44511.646 | B95: =IFERROR(__xludf.DUMMYFUNCTION("""COMPUTED_VALUE"""),3488.2) -> 3488.2 | C95: =(B95-B94)/B94 -> 0.0011193066 | D95: =AVERAGE(B46:B94) -> 3705.002
A96: =IFERROR(__xludf.DUMMYFUNCTION("""COMPUTED_VALUE"""),44512.6458333333) -> 44512.646 | B96: =IFERROR(__xludf.DUMMYFUNCTION("""COMPUTED_VALUE"""),3526.05) -> 3526.05 | C96: =(B96-B95)/B95 -> 0.010850869 | D96: =AVERAGE(B47:B95) -> 3698.9153
A97: =IFERROR(__xludf.DUMMYFUNCTION("""COMPUTED_VALUE"""),44515.6458333333) -> 44515.646 | B97: =IFERROR(__xludf.DUMMYFUNCTION("""COMPUTED_VALUE"""),3553.3) -> 3553.3 | C97: =(B97-B96)/B96 -> 0.0077281944 | D97: =AVERAGE(B48:B96) -> 3695.0602
A98: =IFERROR(__xludf.DUMMYFUNCTION("""COMPUTED_VALUE"""),44516.6458333333) -> 44516.646 | B98: =IFERROR(__xludf.DUMMYFUNCTION("""COMPUTED_VALUE"""),3556.4) -> 3556.4 | C98: =(B98-B97)/B97 -> 0.00087242845 | D98: =AVERAGE(B49:B97) -> 3689.2755
A99: =IFERROR(__xludf.DUMMYFUNCTION("""COMPUTED_VALUE"""),44517.6458333333) -> 44517.646 | B99: =IFERROR(__xludf.DUMMYFUNCTION("""COMPUTED_VALUE"""),3521.9) -> 3521.9 | C99: =(B99-B98)/B98 -> -0.0097008211 | D99: =AVERAGE(B50:B98) -> 3683.4459
A100: =IFERROR(__xludf.DUMMYFUNCTION("""COMPUTED_VALUE"""),44518.6458333333) -> 44518.646 | B100: =IFERROR(__xludf.DUMMYFUNCTION("""COMPUTED_VALUE"""),3475.7) -> 3475.7 | C100: =(B100-B99)/B99 -> -0.013117919 | D100: =AVERAGE(B51:B99) -> 3676.7092
...

Sheet INFOSYS
A1: =IFERROR(__xludf.DUMMYFUNCTION("GOOGLEFINANCE(""NSE:INFY"", ""price"", TODAY()-1825, TODAY(), ""DAILY"")"),"Date") -> Date | B1: =IFERROR(__xludf.DUMMYFUNCTION("""COMPUTED_VALUE"""),"Close") -> Close | C1: Daily Return % | D1: 50-Day Moving Average (SMA) | E1: Annualized Volatility (Risk) | F1: Average Annual Return
A2: =IFERROR(__xludf.DUMMYFUNCTION("""COMPUTED_VALUE"""),44375.6458333333) -> 44375.646 | B2: =IFERROR(__xludf.DUMMYFUNCTION("""COMPUTED_VALUE"""),1571.8) -> 1571.8 | E2: =_xlfn.STDEV.S(C:C) * SQRT(252) -> 0.25480536 | F2: =AVERAGE(C:C)*252 -> -0.048925878
A3: =IFERROR(__xludf.DUMMYFUNCTION("""COMPUTED_VALUE"""),44376.6458333333) -> 44376.646 | B3: =IFERROR(__xludf.DUMMYFUNCTION("""COMPUTED_VALUE"""),1563.05) -> 1563.05 | C3: =(B3-B2)/B2 -> -0.005566866
A4: =IFERROR(__xludf.DUMMYFUNCTION("""COMPUTED_VALUE"""),44377.6458333333) -> 44377.646 | B4: =IFERROR(__xludf.DUMMYFUNCTION("""COMPUTED_VALUE"""),1580.8) -> 1580.8 | C4: =(B4-B3)/B3 -> 0.011356003
A5: =IFERROR(__xludf.DUMMYFUNCTION("""COMPUTED_VALUE"""),44378.6458333333) -> 44378.646 | B5: =IFERROR(__xludf.DUMMYFUNCTION("""COMPUTED_VALUE"""),1560.4) -> 1560.4 | C5: =(B5-B4)/B4 -> -0.012904858
A6: =IFERROR(__xludf.DUMMYFUNCTION("""COMPUTED_VALUE"""),44379.6458333333) -> 44379.646 | B6: =IFERROR(__xludf.DUMMYFUNCTION("""COMPUTED_VALUE"""),1567.8) -> 1567.8 | C6: =(B6-B5)/B5 -> 0.0047423738
A7: =IFERROR(__xludf.DUMMYFUNCTION("""COMPUTED_VALUE"""),44382.6458333333) -> 44382.646 | B7: =IFERROR(__xludf.DUMMYFUNCTION("""COMPUTED_VALUE"""),1578.95) -> 1578.95 | C7: =(B7-B6)/B6 -> 0.0071118765
A8: =IFERROR(__xludf.DUMMYFUNCTION("""COMPUTED_VALUE"""),44383.6458333333) -> 44383.646 | B8: =IFERROR(__xludf.DUMMYFUNCTION("""COMPUTED_VALUE"""),1562.2) -> 1562.2 | C8: =(B8-B7)/B7 -> -0.010608316
A9: =IFERROR(__xludf.DUMMYFUNCTION("""COMPUTED_VALUE"""),44384.6458333333) -> 44384.646 | B9: =IFERROR(__xludf.DUMMYFUNCTION("""COMPUTED_VALUE"""),1564.6) -> 1564.6 | C9: =(B9-B8)/B8 -> 0.001536295
A10: =IFERROR(__xludf.DUMMYFUNCTION("""COMPUTED_VALUE"""),44385.6458333333) -> 44385.646 | B10: =IFERROR(__xludf.DUMMYFUNCTION("""COMPUTED_VALUE"""),1560.75) -> 1560.75 | C10: =(B10-B9)/B9 -> -0.0024606928
A11: =IFERROR(__xludf.DUMMYFUNCTION("""COMPUTED_VALUE"""),44386.6458333333) -> 44386.646 | B11: =IFERROR(__xludf.DUMMYFUNCTION("""COMPUTED_VALUE"""),1562.9) -> 1562.9 | C11: =(B11-B10)/B10 -> 0.0013775428
A12: =IFERROR(__xludf.DUMMYFUNCTION("""COMPUTED_VALUE"""),44389.6458333333) -> 44389.646 | B12: =IFERROR(__xludf.DUMMYFUNCTION("""COMPUTED_VALUE"""),1547.85) -> 1547.85 | C12: =(B12-B11)/B11 -> -0.0096295348
A13: =IFERROR(__xludf.DUMMYFUNCTION("""COMPUTED_VALUE"""),44390.6458333333) -> 44390.646 | B13: =IFERROR(__xludf.DUMMYFUNCTION("""COMPUTED_VALUE"""),1544.95) -> 1544.95 | C13: =(B13-B12)/B12 -> -0.0018735666
A14: =IFERROR(__xludf.DUMMYFUNCTION("""COMPUTED_VALUE"""),44391.6458333333) -> 44391.646 | B14: =IFERROR(__xludf.DUMMYFUNCTION("""COMPUTED_VALUE"""),1576.9) -> 1576.9 | C14: =(B14-B13)/B13 -> 0.020680281
A15: =IFERROR(__xludf.DUMMYFUNCTION("""COMPUTED_VALUE"""),44392.6458333333) -> 44392.646 | B15: =IFERROR(__xludf.DUMMYFUNCTION("""COMPUTED_VALUE"""),1580.8) -> 1580.8 | C15: =(B15-B14)/B14 -> 0.0024732069
A16: =IFERROR(__xludf.DUMMYFUNCTION("""COMPUTED_VALUE"""),44393.6458333333) -> 44393.646 | B16: =IFERROR(__xludf.DUMMYFUNCTION("""COMPUTED_VALUE"""),1555.45) -> 1555.45 | C16: =(B16-B15)/B15 -> -0.016036184
A17: =IFERROR(__xludf.DUMMYFUNCTION("""COMPUTED_VALUE"""),44396.6458333333) -> 44396.646 | B17: =IFERROR(__xludf.DUMMYFUNCTION("""COMPUTED_VALUE"""),1541.7) -> 1541.7 | C17: =(B17-B16)/B16 -> -0.0088398856
A18: =IFERROR(__xludf.DUMMYFUNCTION("""COMPUTED_VALUE"""),44397.6458333333) -> 44397.646 | B18: =IFERROR(__xludf.DUMMYFUNCTION("""COMPUTED_VALUE"""),1550.05) -> 1550.05 | C18: =(B18-B17)/B17 -> 0.0054160991
A19: =IFERROR(__xludf.DUMMYFUNCTION("""COMPUTED_VALUE"""),44399.6458333333) -> 44399.646 | B19: =IFERROR(__xludf.DUMMYFUNCTION("""COMPUTED_VALUE"""),1590.2) -> 1590.2 | C19: =(B19-B18)/B18 -> 0.02590239
A20: =IFERROR(__xludf.DUMMYFUNCTION("""COMPUTED_VALUE"""),44400.6458333333) -> 44400.646 | B20: =IFERROR(__xludf.DUMMYFUNCTION("""COMPUTED_VALUE"""),1590.45) -> 1590.45 | C20: =(B20-B19)/B19 -> 0.00015721293
A21: =IFERROR(__xludf.DUMMYFUNCTION("""COMPUTED_VALUE"""),44403.6458333333) -> 44403.646 | B21: =IFERROR(__xludf.DUMMYFUNCTION("""COMPUTED_VALUE"""),1603.9) -> 1603.9 | C21: =(B21-B20)/B20 -> 0.0084567261
A22: =IFERROR(__xludf.DUMMYFUNCTION("""COMPUTED_VALUE"""),44404.6458333333) -> 44404.646 | B22: =IFERROR(__xludf.DUMMYFUNCTION("""COMPUTED_VALUE"""),1602.55) -> 1602.55 | C22: =(B22-B21)/B21 -> -0.00084169836
A23: =IFERROR(__xludf.DUMMYFUNCTION("""COMPUTED_VALUE"""),44405.6458333333) -> 44405.646 | B23: =IFERROR(__xludf.DUMMYFUNCTION("""COMPUTED_VALUE"""),1605.6) -> 1605.6 | C23: =(B23-B22)/B22 -> 0.0019032167
A24: =IFERROR(__xludf.DUMMYFUNCTION("""COMPUTED_VALUE"""),44406.6458333333) -> 44406.646 | B24: =IFERROR(__xludf.DUMMYFUNCTION("""COMPUTED_VALUE"""),1617) -> 1617 | C24: =(B24-B23)/B23 -> 0.0071001495
A25: =IFERROR(__xludf.DUMMYFUNCTION("""COMPUTED_VALUE"""),44407.6458333333) -> 44407.646 | B25: =IFERROR(__xludf.DUMMYFUNCTION("""COMPUTED_VALUE"""),1610.5) -> 1610.5 | C25: =(B25-B24)/B24 -> -0.0040197897
A26: =IFERROR(__xludf.DUMMYFUNCTION("""COMPUTED_VALUE"""),44410.6458333333) -> 44410.646 | B26: =IFERROR(__xludf.DUMMYFUNCTION("""COMPUTED_VALUE"""),1631.55) -> 1631.55 | C26: =(B26-B25)/B25 -> 0.013070475
A27: =IFERROR(__xludf.DUMMYFUNCTION("""COMPUTED_VALUE"""),44411.6458333333) -> 44411.646 | B27: =IFERROR(__xludf.DUMMYFUNCTION("""COMPUTED_VALUE"""),1655.2) -> 1655.2 | C27: =(B27-B26)/B26 -> 0.014495418
A28: =IFERROR(__xludf.DUMMYFUNCTION("""COMPUTED_VALUE"""),44412.6458333333) -> 44412.646 | B28: =IFERROR(__xludf.DUMMYFUNCTION("""COMPUTED_VALUE"""),1649.25) -> 1649.25 | C28: =(B28-B27)/B27 -> -0.0035947318
A29: =IFERROR(__xludf.DUMMYFUNCTION("""COMPUTED_VALUE"""),44413.6458333333) -> 44413.646 | B29: =IFERROR(__xludf.DUMMYFUNCTION("""COMPUTED_VALUE"""),1653.55) -> 1653.55 | C29: =(B29-B28)/B28 -> 0.0026072457
A30: =IFERROR(__xludf.DUMMYFUNCTION("""COMPUTED_VALUE"""),44414.6458333333) -> 44414.646 | B30: =IFERROR(__xludf.DUMMYFUNCTION("""COMPUTED_VALUE"""),1650.2) -> 1650.2 | C30: =(B30-B29)/B29 -> -0.0020259442
A31: =IFERROR(__xludf.DUMMYFUNCTION("""COMPUTED_VALUE"""),44417.6458333333) -> 44417.646 | B31: =IFERROR(__xludf.DUMMYFUNCTION("""COMPUTED_VALUE"""),1663.3) -> 1663.3 | C31: =(B31-B30)/B30 -> 0.0079384317
A32: =IFERROR(__xludf.DUMMYFUNCTION("""COMPUTED_VALUE"""),44418.6458333333) -> 44418.646 | B32: =IFERROR(__xludf.DUMMYFUNCTION("""COMPUTED_VALUE"""),1677.25) -> 1677.25 | C32: =(B32-B31)/B31 -> 0.0083869416
A33: =IFERROR(__xludf.DUMMYFUNCTION("""COMPUTED_VALUE"""),44419.6458333333) -> 44419.646 | B33: =IFERROR(__xludf.DUMMYFUNCTION("""COMPUTED_VALUE"""),1677.55) -> 1677.55 | C33: =(B33-B32)/B32 -> 0.00017886421
A34: =IFERROR(__xludf.DUMMYFUNCTION("""COMPUTED_VALUE"""),44420.6458333333) -> 44420.646 | B34: =IFERROR(__xludf.DUMMYFUNCTION("""COMPUTED_VALUE"""),1689.6) -> 1689.6 | C34: =(B34-B33)/B33 -> 0.0071830944
A35: =IFERROR(__xludf.DUMMYFUNCTION("""COMPUTED_VALUE"""),44421.6458333333) -> 44421.646 | B35: =IFERROR(__xludf.DUMMYFUNCTION("""COMPUTED_VALUE"""),1712.2) -> 1712.2 | C35: =(B35-B34)/B34 -> 0.013375947
A36: =IFERROR(__xludf.DUMMYFUNCTION("""COMPUTED_VALUE"""),44424.6458333333) -> 44424.646 | B36: =IFERROR(__xludf.DUMMYFUNCTION("""COMPUTED_VALUE"""),1704.4) -> 1704.4 | C36: =(B36-B35)/B35 -> -0.0045555426
A37: =IFERROR(__xludf.DUMMYFUNCTION("""COMPUTED_VALUE"""),44425.6458333333) -> 44425.646 | B37: =IFERROR(__xludf.DUMMYFUNCTION("""COMPUTED_VALUE"""),1741.65) -> 1741.65 | C37: =(B37-B36)/B36 -> 0.021855198
A38: =IFERROR(__xludf.DUMMYFUNCTION("""COMPUTED_VALUE"""),44426.6458333333) -> 44426.646 | B38: =IFERROR(__xludf.DUMMYFUNCTION("""COMPUTED_VALUE"""),1733.45) -> 1733.45 | C38: =(B38-B37)/B37 -> -0.004708179
A39: =IFERROR(__xludf.DUMMYFUNCTION("""COMPUTED_VALUE"""),44428.6458333333) -> 44428.646 | B39: =IFERROR(__xludf.DUMMYFUNCTION("""COMPUTED_VALUE"""),1732.95) -> 1732.95 | C39: =(B39-B38)/B38 -> -0.00028844212
A40: =IFERROR(__xludf.DUMMYFUNCTION("""COMPUTED_VALUE"""),44431.6458333333) -> 44431.646 | B40: =IFERROR(__xludf.DUMMYFUNCTION("""COMPUTED_VALUE"""),1738.75) -> 1738.75 | C40: =(B40-B39)/B39 -> 0.003346894
A41: =IFERROR(__xludf.DUMMYFUNCTION("""COMPUTED_VALUE"""),44432.6458333333) -> 44432.646 | B41: =IFERROR(__xludf.DUMMYFUNCTION("""COMPUTED_VALUE"""),1720.85) -> 1720.85 | C41: =(B41-B40)/B40 -> -0.010294752
A42: =IFERROR(__xludf.DUMMYFUNCTION("""COMPUTED_VALUE"""),44433.6458333333) -> 44433.646 | B42: =IFERROR(__xludf.DUMMYFUNCTION("""COMPUTED_VALUE"""),1735.55) -> 1735.55 | C42: =(B42-B41)/B41 -> 0.0085422901
A43: =IFERROR(__xludf.DUMMYFUNCTION("""COMPUTED_VALUE"""),44434.6458333333) -> 44434.646 | B43: =IFERROR(__xludf.DUMMYFUNCTION("""COMPUTED_VALUE"""),1727.7) -> 1727.7 | C43: =(B43-B42)/B42 -> -0.0045230619
A44: =IFERROR(__xludf.DUMMYFUNCTION("""COMPUTED_VALUE"""),44435.6458333333) -> 44435.646 | B44: =IFERROR(__xludf.DUMMYFUNCTION("""COMPUTED_VALUE"""),1708.8) -> 1708.8 | C44: =(B44-B43)/B43 -> -0.010939399
A45: =IFERROR(__xludf.DUMMYFUNCTION("""COMPUTED_VALUE"""),44438.6458333333) -> 44438.646 | B45: =IFERROR(__xludf.DUMMYFUNCTION("""COMPUTED_VALUE"""),1698.05) -> 1698.05 | C45: =(B45-B44)/B44 -> -0.0062909644
A46: =IFERROR(__xludf.DUMMYFUNCTION("""COMPUTED_VALUE"""),44439.6458333333) -> 44439.646 | B46: =IFERROR(__xludf.DUMMYFUNCTION("""COMPUTED_VALUE"""),1706.45) -> 1706.45 | C46: =(B46-B45)/B45 -> 0.0049468508
A47: =IFERROR(__xludf.DUMMYFUNCTION("""COMPUTED_VALUE"""),44440.6458333333) -> 44440.646 | B47: =IFERROR(__xludf.DUMMYFUNCTION("""COMPUTED_VALUE"""),1677.75) -> 1677.75 | C47: =(B47-B46)/B46 -> -0.016818541
A48: =IFERROR(__xludf.DUMMYFUNCTION("""COMPUTED_VALUE"""),44441.6458333333) -> 44441.646 | B48: =IFERROR(__xludf.DUMMYFUNCTION("""COMPUTED_VALUE"""),1689.1) -> 1689.1 | C48: =(B48-B47)/B47 -> 0.0067650127
A49: =IFERROR(__xludf.DUMMYFUNCTION("""COMPUTED_VALUE"""),44442.6458333333) -> 44442.646 | B49: =IFERROR(__xludf.DUMMYFUNCTION("""COMPUTED_VALUE"""),1700.65) -> 1700.65 | C49: =(B49-B48)/B48 -> 0.006837961
A50: =IFERROR(__xludf.DUMMYFUNCTION("""COMPUTED_VALUE"""),44445.6458333333) -> 44445.646 | B50: =IFERROR(__xludf.DUMMYFUNCTION("""COMPUTED_VALUE"""),1730.4) -> 1730.4 | C50: =(B50-B49)/B49 -> 0.017493311
A51: =IFERROR(__xludf.DUMMYFUNCTION("""COMPUTED_VALUE"""),44446.6458333333) -> 44446.646 | B51: =IFERROR(__xludf.DUMMYFUNCTION("""COMPUTED_VALUE"""),1706.65) -> 1706.65 | C51: =(B51-B50)/B50 -> -0.01372515 | D51: =AVERAGE(B2:B50) -> 1636.6796
A52: =IFERROR(__xludf.DUMMYFUNCTION("""COMPUTED_VALUE"""),44447.6458333333) -> 44447.646 | B52: =IFERROR(__xludf.DUMMYFUNCTION("""COMPUTED_VALUE"""),1693.25) -> 1693.25 | C52: =(B52-B51)/B51 -> -0.0078516392 | D52: =AVERAGE(B3:B51) -> 1639.4316
A53: =IFERROR(__xludf.DUMMYFUNCTION("""COMPUTED_VALUE"""),44448.6458333333) -> 44448.646 | B53: =IFERROR(__xludf.DUMMYFUNCTION("""COMPUTED_VALUE"""),1691.6) -> 1691.6 | C53: =(B53-B52)/B52 -> -0.0009744574 | D53: =AVERAGE(B4:B52) -> 1642.0888
A54: =IFERROR(__xludf.DUMMYFUNCTION("""COMPUTED_VALUE"""),44452.6458333333) -> 44452.646 | B54: =IFERROR(__xludf.DUMMYFUNCTION("""COMPUTED_VALUE"""),1691.9) -> 1691.9 | C54: =(B54-B53)/B53 -> 0.00017734689 | D54: =AVERAGE(B5:B53) -> 1644.35
A55: =IFERROR(__xludf.DUMMYFUNCTION("""COMPUTED_VALUE"""),44453.6458333333) -> 44453.646 | B55: =IFERROR(__xludf.DUMMYFUNCTION("""COMPUTED_VALUE"""),1686.15) -> 1686.15 | C55: =(B55-B54)/B54 -> -0.003398546 | D55: =AVERAGE(B6:B54) -> 1647.0337
A56: =IFERROR(__xludf.DUMMYFUNCTION("""COMPUTED_VALUE"""),44454.6458333333) -> 44454.646 | B56: =IFERROR(__xludf.DUMMYFUNCTION("""COMPUTED_VALUE"""),1711.45) -> 1711.45 | C56: =(B56-B55)/B55 -> 0.015004596 | D56: =AVERAGE(B7:B55) -> 1649.449
A57: =IFERROR(__xludf.DUMMYFUNCTION("""COMPUTED_VALUE"""),44455.6458333333) -> 44455.646 | B57: =IFERROR(__xludf.DUMMYFUNCTION("""COMPUTED_VALUE"""),1702.25) -> 1702.25 | C57: =(B57-B56)/B56 -> -0.0053755587 | D57: =AVERAGE(B8:B56) -> 1652.1531
A58: =IFERROR(__xludf.DUMMYFUNCTION("""COMPUTED_VALUE"""),44456.6458333333) -> 44456.646 | B58: =IFERROR(__xludf.DUMMYFUNCTION("""COMPUTED_VALUE"""),1691.3) -> 1691.3 | C58: =(B58-B57)/B57 -> -0.0064326627 | D58: =AVERAGE(B9:B57) -> 1655.0112
A59: =IFERROR(__xludf.DUMMYFUNCTION("""COMPUTED_VALUE"""),44459.6458333333) -> 44459.646 | B59: =IFERROR(__xludf.DUMMYFUNCTION("""COMPUTED_VALUE"""),1687.85) -> 1687.85 | C59: =(B59-B58)/B58 -> -0.002039851 | D59: =AVERAGE(B10:B58) -> 1657.5969
A60: =IFERROR(__xludf.DUMMYFUNCTION("""COMPUTED_VALUE"""),44460.6458333333) -> 44460.646 | B60: =IFERROR(__xludf.DUMMYFUNCTION("""COMPUTED_VALUE"""),1718.45) -> 1718.45 | C60: =(B60-B59)/B59 -> 0.018129573 | D60: =AVERAGE(B11:B59) -> 1660.1908
A61: =IFERROR(__xludf.DUMMYFUNCTION("""COMPUTED_VALUE"""),44461.6458333333) -> 44461.646 | B61: =IFERROR(__xludf.DUMMYFUNCTION("""COMPUTED_VALUE"""),1716.9) -> 1716.9 | C61: =(B61-B60)/B60 -> -0.00090197562 | D61: =AVERAGE(B12:B60) -> 1663.3653
A62: =IFERROR(__xludf.DUMMYFUNCTION("""COMPUTED_VALUE"""),44462.6458333333) -> 44462.646 | B62: =IFERROR(__xludf.DUMMYFUNCTION("""COMPUTED_VALUE"""),1742.55) -> 1742.55 | C62: =(B62-B61)/B61 -> 0.014939717 | D62: =AVERAGE(B13:B61) -> 1666.8153
A63: =IFERROR(__xludf.DUMMYFUNCTION("""COMPUTED_VALUE"""),44463.6458333333) -> 44463.646 | B63: =IFERROR(__xludf.DUMMYFUNCTION("""COMPUTED_VALUE"""),1763.85) -> 1763.85 | C63: =(B63-B62)/B62 -> 0.012223466 | D63: =AVERAGE(B14:B62) -> 1670.848
A64: =IFERROR(__xludf.DUMMYFUNCTION("""COMPUTED_VALUE"""),44466.6458333333) -> 44466.646 | B64: =IFERROR(__xludf.DUMMYFUNCTION("""COMPUTED_VALUE"""),1721.15) -> 1721.15 | C64: =(B64-B63)/B63 -> -0.024208408 | D64: =AVERAGE(B15:B63) -> 1674.6633
A65: =IFERROR(__xludf.DUMMYFUNCTION("""COMPUTED_VALUE"""),44467.6458333333) -> 44467.646 | B65: =IFERROR(__xludf.DUMMYFUNCTION("""COMPUTED_VALUE"""),1687.1) -> 1687.1 | C65: =(B65-B64)/B64 -> -0.019783284 | D65: =AVERAGE(B16:B64) -> 1677.5276
A66: =IFERROR(__xludf.DUMMYFUNCTION("""COMPUTED_VALUE"""),44468.6458333333) -> 44468.646 | B66: =IFERROR(__xludf.DUMMYFUNCTION("""COMPUTED_VALUE"""),1692.25) -> 1692.25 | C66: =(B66-B65)/B65 -> 0.0030525754 | D66: =AVERAGE(B17:B65) -> 1680.2143
A67: =IFERROR(__xludf.DUMMYFUNCTION("""COMPUTED_VALUE"""),44469.6458333333) -> 44469.646 | B67: =IFERROR(__xludf.DUMMYFUNCTION("""COMPUTED_VALUE"""),1675.2) -> 1675.2 | C67: =(B67-B66)/B66 -> -0.010075343 | D67: =AVERAGE(B18:B66) -> 1683.2867
A68: =IFERROR(__xludf.DUMMYFUNCTION("""COMPUTED_VALUE"""),44470.6458333333) -> 44470.646 | B68: =IFERROR(__xludf.DUMMYFUNCTION("""COMPUTED_VALUE"""),1665.15) -> 1665.15 | C68: =(B68-B67)/B67 -> -0.0059992837 | D68: =AVERAGE(B19:B67) -> 1685.8408
A69: =IFERROR(__xludf.DUMMYFUNCTION("""COMPUTED_VALUE"""),44473.6458333333) -> 44473.646 | B69: =IFERROR(__xludf.DUMMYFUNCTION("""COMPUTED_VALUE"""),1678.75) -> 1678.75 | C69: =(B69-B68)/B68 -> 0.0081674324 | D69: =AVERAGE(B20:B68) -> 1687.3704
A70: =IFERROR(__xludf.DUMMYFUNCTION("""COMPUTED_VALUE"""),44474.6458333333) -> 44474.646 | B70: =IFERROR(__xludf.DUMMYFUNCTION("""COMPUTED_VALUE"""),1692.8) -> 1692.8 | C70: =(B70-B69)/B69 -> 0.0083693224 | D70: =AVERAGE(B21:B69) -> 1689.1724
A71: =IFERROR(__xludf.DUMMYFUNCTION("""COMPUTED_VALUE"""),44475.6458333333) -> 44475.646 | B71: =IFERROR(__xludf.DUMMYFUNCTION("""COMPUTED_VALUE"""),1673.55) -> 1673.55 | C71: =(B71-B70)/B70 -> -0.011371692 | D71: =AVERAGE(B22:B70) -> 1690.9867
A72: =IFERROR(__xludf.DUMMYFUNCTION("""COMPUTED_VALUE"""),44476.6458333333) -> 44476.646 | B72: =IFERROR(__xludf.DUMMYFUNCTION("""COMPUTED_VALUE"""),1691) -> 1691 | C72: =(B72-B71)/B71 -> 0.010426937 | D72: =AVERAGE(B23:B71) -> 1692.4357
A73: =IFERROR(__xludf.DUMMYFUNCTION("""COMPUTED_VALUE"""),44477.6458333333) -> 44477.646 | B73: =IFERROR(__xludf.DUMMYFUNCTION("""COMPUTED_VALUE"""),1723.85) -> 1723.85 | C73: =(B73-B72)/B72 -> 0.019426375 | D73: =AVERAGE(B24:B72) -> 1694.1786
A74: =IFERROR(__xludf.DUMMYFUNCTION("""COMPUTED_VALUE"""),44480.6458333333) -> 44480.646 | B74: =IFERROR(__xludf.DUMMYFUNCTION("""COMPUTED_VALUE"""),1690.95) -> 1690.95 | C74: =(B74-B73)/B73 -> -0.019085187 | D74: =AVERAGE(B25:B73) -> 1696.3592
A75: =IFERROR(__xludf.DUMMYFUNCTION("""COMPUTED_VALUE"""),44481.6458333333) -> 44481.646 | B75: =IFERROR(__xludf.DUMMYFUNCTION("""COMPUTED_VALUE"""),1685.15) -> 1685.15 | C75: =(B75-B74)/B74 -> -0.0034300245 | D75: =AVERAGE(B26:B74) -> 1698.001
A76: =IFERROR(__xludf.DUMMYFUNCTION("""COMPUTED_VALUE"""),44482.6458333333) -> 44482.646 | B76: =IFERROR(__xludf.DUMMYFUNCTION("""COMPUTED_VALUE"""),1709.2) -> 1709.2 | C76: =(B76-B75)/B75 -> 0.014271727 | D76: =AVERAGE(B27:B75) -> 1699.0949
A77: =IFERROR(__xludf.DUMMYFUNCTION("""COMPUTED_VALUE"""),44483.6458333333) -> 44483.646 | B77: =IFERROR(__xludf.DUMMYFUNCTION("""COMPUTED_VALUE"""),1715.75) -> 1715.75 | C77: =(B77-B76)/B76 -> 0.0038322022 | D77: =AVERAGE(B28:B76) -> 1700.1969
A78: =IFERROR(__xludf.DUMMYFUNCTION("""COMPUTED_VALUE"""),44487.6458333333) -> 44487.646 | B78: =IFERROR(__xludf.DUMMYFUNCTION("""COMPUTED_VALUE"""),1792.15) -> 1792.15 | C78: =(B78-B77)/B77 -> 0.044528632 | D78: =AVERAGE(B29:B77) -> 1701.5541
A79: =IFERROR(__xludf.DUMMYFUNCTION("""COMPUTED_VALUE"""),44488.6458333333) -> 44488.646 | B79: =IFERROR(__xludf.DUMMYFUNCTION("""COMPUTED_VALUE"""),1822.15) -> 1822.15 | C79: =(B79-B78)/B78 -> 0.01673967 | D79: =AVERAGE(B30:B78) -> 1704.3827
A80: =IFERROR(__xludf.DUMMYFUNCTION("""COMPUTED_VALUE"""),44489.6458333333) -> 44489.646 | B80: =IFERROR(__xludf.DUMMYFUNCTION("""COMPUTED_VALUE"""),1802.35) -> 1802.35 | C80: =(B80-B79)/B79 -> -0.010866284 | D80: =AVERAGE(B31:B79) -> 1707.8918
A81: =IFERROR(__xludf.DUMMYFUNCTION("""COMPUTED_VALUE"""),44490.6458333333) -> 44490.646 | B81: =IFERROR(__xludf.DUMMYFUNCTION("""COMPUTED_VALUE"""),1753.65) -> 1753.65 | C81: =(B81-B80)/B80 -> -0.027020279 | D81: =AVERAGE(B32:B80) -> 1710.7296
A82: =IFERROR(__xludf.DUMMYFUNCTION("""COMPUTED_VALUE"""),44491.6458333333) -> 44491.646 | B82: =IFERROR(__xludf.DUMMYFUNCTION("""COMPUTED_VALUE"""),1719.8) -> 1719.8 | C82: =(B82-B81)/B81 -> -0.019302597 | D82: =AVERAGE(B33:B81) -> 1712.2888
A83: =IFERROR(__xludf.DUMMYFUNCTION("""COMPUTED_VALUE"""),44494.6458333333) -> 44494.646 | B83: =IFERROR(__xludf.DUMMYFUNCTION("""COMPUTED_VALUE"""),1707.55) -> 1707.55 | C83: =(B83-B82)/B82 -> -0.0071229213 | D83: =AVERAGE(B34:B82) -> 1713.151
A84: =IFERROR(__xludf.DUMMYFUNCTION("""COMPUTED_VALUE"""),44495.6458333333) -> 44495.646 | B84: =IFERROR(__xludf.DUMMYFUNCTION("""COMPUTED_VALUE"""),1703.7) -> 1703.7 | C84: =(B84-B83)/B83 -> -0.0022546924 | D84: =AVERAGE(B35:B83) -> 1713.5173
A85: =IFERROR(__xludf.DUMMYFUNCTION("""COMPUTED_VALUE"""),44496.6458333333) -> 44496.646 | B85: =IFERROR(__xludf.DUMMYFUNCTION("""COMPUTED_VALUE"""),1728.95) -> 1728.95 | C85: =(B85-B84)/B84 -> 0.014820684 | D85: =AVERAGE(B36:B84) -> 1713.3439
A86: =IFERROR(__xludf.DUMMYFUNCTION("""COMPUTED_VALUE"""),44497.6458333333) -> 44497.646 | B86: =IFERROR(__xludf.DUMMYFUNCTION("""COMPUTED_VALUE"""),1703.9) -> 1703.9 | C86: =(B86-B85)/B85 -> -0.014488562 | D86: =AVERAGE(B37:B85) -> 1713.8449
A87: =IFERROR(__xludf.DUMMYFUNCTION("""COMPUTED_VALUE"""),44498.6458333333) -> 44498.646 | B87: =IFERROR(__xludf.DUMMYFUNCTION("""COMPUTED_VALUE"""),1667.75) -> 1667.75 | C87: =(B87-B86)/B86 -> -0.021216034 | D87: =AVERAGE(B38:B86) -> 1713.0745
A88: =IFERROR(__xludf.DUMMYFUNCTION("""COMPUTED_VALUE"""),44501.6458333333) -> 44501.646 | B88: =IFERROR(__xludf.DUMMYFUNCTION("""COMPUTED_VALUE"""),1700.05) -> 1700.05 | C88: =(B88-B87)/B87 -> 0.019367411 | D88: =AVERAGE(B39:B87) -> 1711.7337
A89: =IFERROR(__xludf.DUMMYFUNCTION("""COMPUTED_VALUE"""),44502.6458333333) -> 44502.646 | B89: =IFERROR(__xludf.DUMMYFUNCTION("""COMPUTED_VALUE"""),1697.9) -> 1697.9 | C89: =(B89-B88)/B88 -> -0.0012646687 | D89: =AVERAGE(B40:B88) -> 1711.0622
A90: =IFERROR(__xludf.DUMMYFUNCTION("""COMPUTED_VALUE"""),44503.6458333333) -> 44503.646 | B90: =IFERROR(__xludf.DUMMYFUNCTION("""COMPUTED_VALUE"""),1702.5) -> 1702.5 | C90: =(B90-B89)/B89 -> 0.002709229 | D90: =AVERAGE(B41:B89) -> 1710.2286
A91: =IFERROR(__xludf.DUMMYFUNCTION("""COMPUTED_VALUE"""),44504.8020833333) -> 44504.802 | B91: =IFERROR(__xludf.DUMMYFUNCTION("""COMPUTED_VALUE"""),1708.7) -> 1708.7 | C91: =(B91-B90)/B90 -> 0.0036417034 | D91: =AVERAGE(B42:B90) -> 1709.8541
A92: =IFERROR(__xludf.DUMMYFUNCTION("""COMPUTED_VALUE"""),44508.6458333333) -> 44508.646 | B92: =IFERROR(__xludf.DUMMYFUNCTION("""COMPUTED_VALUE"""),1737.5) -> 1737.5 | C92: =(B92-B91)/B91 -> 0.016854919 | D92: =AVERAGE(B43:B91) -> 1709.3061
A93: =IFERROR(__xludf.DUMMYFUNCTION("""COMPUTED_VALUE"""),44509.6458333333) -> 44509.646 | B93: =IFERROR(__xludf.DUMMYFUNCTION("""COMPUTED_VALUE"""),1742.5) -> 1742.5 | C93: =(B93-B92)/B92 -> 0.0028776978 | D93: =AVERAGE(B44:B92) -> 1709.5061
A94: =IFERROR(__xludf.DUMMYFUNCTION("""COMPUTED_VALUE"""),44510.6458333333) -> 44510.646 | B94: =IFERROR(__xludf.DUMMYFUNCTION("""COMPUTED_VALUE"""),1740.15) -> 1740.15 | C94: =(B94-B93)/B93 -> -0.001348637 | D94: =AVERAGE(B45:B93) -> 1710.1939
A95: =IFERROR(__xludf.DUMMYFUNCTION("""COMPUTED_VALUE"""),44511.6458333333) -> 44511.646 | B95: =IFERROR(__xludf.DUMMYFUNCTION("""COMPUTED_VALUE"""),1733.3) -> 1733.3 | C95: =(B95-B94)/B94 -> -0.0039364423 | D95: =AVERAGE(B46:B94) -> 1711.0531
A96: =IFERROR(__xludf.DUMMYFUNCTION("""COMPUTED_VALUE"""),44512.6458333333) -> 44512.646 | B96: =IFERROR(__xludf.DUMMYFUNCTION("""COMPUTED_VALUE"""),1780.2) -> 1780.2 | C96: =(B96-B95)/B95 -> 0.027058213 | D96: =AVERAGE(B47:B95) -> 1711.601
A97: =IFERROR(__xludf.DUMMYFUNCTION("""COMPUTED_VALUE"""),44515.6458333333) -> 44515.646 | B97: =IFERROR(__xludf.DUMMYFUNCTION("""COMPUTED_VALUE"""),1787.15) -> 1787.15 | C97: =(B97-B96)/B96 -> 0.0039040557 | D97: =AVERAGE(B48:B96) -> 1713.6918
A98: =IFERROR(__xludf.DUMMYFUNCTION("""COMPUTED_VALUE"""),44516.6458333333) -> 44516.646 | B98: =IFERROR(__xludf.DUMMYFUNCTION("""COMPUTED_VALUE"""),1792.3) -> 1792.3 | C98: =(B98-B97)/B97 -> 0.0028816831 | D98: =AVERAGE(B49:B97) -> 1715.6929
A99: =IFERROR(__xludf.DUMMYFUNCTION("""COMPUTED_VALUE"""),44517.6458333333) -> 44517.646 | B99: =IFERROR(__xludf.DUMMYFUNCTION("""COMPUTED_VALUE"""),1787.45) -> 1787.45 | C99: =(B99-B98)/B98 -> -0.0027060202 | D99: =AVERAGE(B50:B98) -> 1717.5633
A100: =IFERROR(__xludf.DUMMYFUNCTION("""COMPUTED_VALUE"""),44518.6458333333) -> 44518.646 | B100: =IFERROR(__xludf.DUMMYFUNCTION("""COMPUTED_VALUE"""),1779.4) -> 1779.4 | C100: =(B100-B99)/B99 -> -0.0045036225 | D100: =AVERAGE(B51:B99) -> 1718.7276
...

Sheet HDFC
A1: =IFERROR(__xludf.DUMMYFUNCTION("GOOGLEFINANCE(""NSE:HDFCBANK"", ""price"", TODAY()-1825, TODAY(), ""DAILY"")"),"Date") -> Date | B1: =IFERROR(__xludf.DUMMYFUNCTION("""COMPUTED_VALUE"""),"Close") -> Close | C1: Daily Return % | D1: 50-Day Moving Average (SMA) | E1: Annualized Volatility (Risk) | F1: Average Annual Return
A2: =IFERROR(__xludf.DUMMYFUNCTION("""COMPUTED_VALUE"""),44375.6458333333) -> 44375.646 | B2: =IFERROR(__xludf.DUMMYFUNCTION("""COMPUTED_VALUE"""),754.18) -> 754.18 | E2: =_xlfn.STDEV.S(C:C) * SQRT(252) -> 0.20937815 | F2: =AVERAGE(C:C)*252 -> 0.032279813
A3: =IFERROR(__xludf.DUMMYFUNCTION("""COMPUTED_VALUE"""),44376.6458333333) -> 44376.646 | B3: =IFERROR(__xludf.DUMMYFUNCTION("""COMPUTED_VALUE"""),751.03) -> 751.03 | C3: =(B3-B2)/B2 -> -0.0041767217
A4: =IFERROR(__xludf.DUMMYFUNCTION("""COMPUTED_VALUE"""),44377.6458333333) -> 44377.646 | B4: =IFERROR(__xludf.DUMMYFUNCTION("""COMPUTED_VALUE"""),748.95) -> 748.95 | C4: =(B4-B3)/B3 -> -0.0027695298
A5: =IFERROR(__xludf.DUMMYFUNCTION("""COMPUTED_VALUE"""),44378.6458333333) -> 44378.646 | B5: =IFERROR(__xludf.DUMMYFUNCTION("""COMPUTED_VALUE"""),743.38) -> 743.38 | C5: =(B5-B4)/B4 -> -0.0074370786
A6: =IFERROR(__xludf.DUMMYFUNCTION("""COMPUTED_VALUE"""),44379.6458333333) -> 44379.646 | B6: =IFERROR(__xludf.DUMMYFUNCTION("""COMPUTED_VALUE"""),740.2) -> 740.2 | C6: =(B6-B5)/B5 -> -0.0042777583
A7: =IFERROR(__xludf.DUMMYFUNCTION("""COMPUTED_VALUE"""),44382.6458333333) -> 44382.646 | B7: =IFERROR(__xludf.DUMMYFUNCTION("""COMPUTED_VALUE"""),747.73) -> 747.73 | C7: =(B7-B6)/B6 -> 0.010172926
A8: =IFERROR(__xludf.DUMMYFUNCTION("""COMPUTED_VALUE"""),44383.6458333333) -> 44383.646 | B8: =IFERROR(__xludf.DUMMYFUNCTION("""COMPUTED_VALUE"""),767.35) -> 767.35 | C8: =(B8-B7)/B7 -> 0.026239418
A9: =IFERROR(__xludf.DUMMYFUNCTION("""COMPUTED_VALUE"""),44384.6458333333) -> 44384.646 | B9: =IFERROR(__xludf.DUMMYFUNCTION("""COMPUTED_VALUE"""),769.75) -> 769.75 | C9: =(B9-B8)/B8 -> 0.0031276471
A10: =IFERROR(__xludf.DUMMYFUNCTION("""COMPUTED_VALUE"""),44385.6458333333) -> 44385.646 | B10: =IFERROR(__xludf.DUMMYFUNCTION("""COMPUTED_VALUE"""),760.23) -> 760.23 | C10: =(B10-B9)/B9 -> -0.012367652
A11: =IFERROR(__xludf.DUMMYFUNCTION("""COMPUTED_VALUE"""),44386.6458333333) -> 44386.646 | B11: =IFERROR(__xludf.DUMMYFUNCTION("""COMPUTED_VALUE"""),751) -> 751 | C11: =(B11-B10)/B10 -> -0.012141063
A12: =IFERROR(__xludf.DUMMYFUNCTION("""COMPUTED_VALUE"""),44389.6458333333) -> 44389.646 | B12: =IFERROR(__xludf.DUMMYFUNCTION("""COMPUTED_VALUE"""),743.5) -> 743.5 | C12: =(B12-B11)/B11 -> -0.0099866844
A13: =IFERROR(__xludf.DUMMYFUNCTION("""COMPUTED_VALUE"""),44390.6458333333) -> 44390.646 | B13: =IFERROR(__xludf.DUMMYFUNCTION("""COMPUTED_VALUE"""),750.93) -> 750.93 | C13: =(B13-B12)/B12 -> 0.0099932751
A14: =IFERROR(__xludf.DUMMYFUNCTION("""COMPUTED_VALUE"""),44391.6458333333) -> 44391.646 | B14: =IFERROR(__xludf.DUMMYFUNCTION("""COMPUTED_VALUE"""),749.58) -> 749.58 | C14: =(B14-B13)/B13 -> -0.0017977708
A15: =IFERROR(__xludf.DUMMYFUNCTION("""COMPUTED_VALUE"""),44392.6458333333) -> 44392.646 | B15: =IFERROR(__xludf.DUMMYFUNCTION("""COMPUTED_VALUE"""),760.35) -> 760.35 | C15: =(B15-B14)/B14 -> 0.014368046
A16: =IFERROR(__xludf.DUMMYFUNCTION("""COMPUTED_VALUE"""),44393.6458333333) -> 44393.646 | B16: =IFERROR(__xludf.DUMMYFUNCTION("""COMPUTED_VALUE"""),761.18) -> 761.18 | C16: =(B16-B15)/B15 -> 0.0010916026
A17: =IFERROR(__xludf.DUMMYFUNCTION("""COMPUTED_VALUE"""),44396.6458333333) -> 44396.646 | B17: =IFERROR(__xludf.DUMMYFUNCTION("""COMPUTED_VALUE"""),735.5) -> 735.5 | C17: =(B17-B16)/B16 -> -0.033737092
A18: =IFERROR(__xludf.DUMMYFUNCTION("""COMPUTED_VALUE"""),44397.6458333333) -> 44397.646 | B18: =IFERROR(__xludf.DUMMYFUNCTION("""COMPUTED_VALUE"""),721.58) -> 721.58 | C18: =(B18-B17)/B17 -> -0.018925901
A19: =IFERROR(__xludf.DUMMYFUNCTION("""COMPUTED_VALUE"""),44399.6458333333) -> 44399.646 | B19: =IFERROR(__xludf.DUMMYFUNCTION("""COMPUTED_VALUE"""),724.35) -> 724.35 | C19: =(B19-B18)/B18 -> 0.0038387982
A20: =IFERROR(__xludf.DUMMYFUNCTION("""COMPUTED_VALUE"""),44400.6458333333) -> 44400.646 | B20: =IFERROR(__xludf.DUMMYFUNCTION("""COMPUTED_VALUE"""),721.38) -> 721.38 | C20: =(B20-B19)/B19 -> -0.0041002278
A21: =IFERROR(__xludf.DUMMYFUNCTION("""COMPUTED_VALUE"""),44403.6458333333) -> 44403.646 | B21: =IFERROR(__xludf.DUMMYFUNCTION("""COMPUTED_VALUE"""),717.28) -> 717.28 | C21: =(B21-B20)/B20 -> -0.005683551
A22: =IFERROR(__xludf.DUMMYFUNCTION("""COMPUTED_VALUE"""),44404.6458333333) -> 44404.646 | B22: =IFERROR(__xludf.DUMMYFUNCTION("""COMPUTED_VALUE"""),719.88) -> 719.88 | C22: =(B22-B21)/B21 -> 0.0036248048
A23: =IFERROR(__xludf.DUMMYFUNCTION("""COMPUTED_VALUE"""),44405.6458333333) -> 44405.646 | B23: =IFERROR(__xludf.DUMMYFUNCTION("""COMPUTED_VALUE"""),708.65) -> 708.65 | C23: =(B23-B22)/B22 -> -0.015599822
A24: =IFERROR(__xludf.DUMMYFUNCTION("""COMPUTED_VALUE"""),44406.6458333333) -> 44406.646 | B24: =IFERROR(__xludf.DUMMYFUNCTION("""COMPUTED_VALUE"""),709.13) -> 709.13 | C24: =(B24-B23)/B23 -> 0.00067734425
A25: =IFERROR(__xludf.DUMMYFUNCTION("""COMPUTED_VALUE"""),44407.6458333333) -> 44407.646 | B25: =IFERROR(__xludf.DUMMYFUNCTION("""COMPUTED_VALUE"""),713.23) -> 713.23 | C25: =(B25-B24)/B24 -> 0.0057817325
A26: =IFERROR(__xludf.DUMMYFUNCTION("""COMPUTED_VALUE"""),44410.6458333333) -> 44410.646 | B26: =IFERROR(__xludf.DUMMYFUNCTION("""COMPUTED_VALUE"""),711.33) -> 711.33 | C26: =(B26-B25)/B25 -> -0.0026639373
A27: =IFERROR(__xludf.DUMMYFUNCTION("""COMPUTED_VALUE"""),44411.6458333333) -> 44411.646 | B27: =IFERROR(__xludf.DUMMYFUNCTION("""COMPUTED_VALUE"""),717.35) -> 717.35 | C27: =(B27-B26)/B26 -> 0.00846302
A28: =IFERROR(__xludf.DUMMYFUNCTION("""COMPUTED_VALUE"""),44412.6458333333) -> 44412.646 | B28: =IFERROR(__xludf.DUMMYFUNCTION("""COMPUTED_VALUE"""),732.65) -> 732.65 | C28: =(B28-B27)/B27 -> 0.021328501
A29: =IFERROR(__xludf.DUMMYFUNCTION("""COMPUTED_VALUE"""),44413.6458333333) -> 44413.646 | B29: =IFERROR(__xludf.DUMMYFUNCTION("""COMPUTED_VALUE"""),742.43) -> 742.43 | C29: =(B29-B28)/B28 -> 0.013348802
A30: =IFERROR(__xludf.DUMMYFUNCTION("""COMPUTED_VALUE"""),44414.6458333333) -> 44414.646 | B30: =IFERROR(__xludf.DUMMYFUNCTION("""COMPUTED_VALUE"""),746.33) -> 746.33 | C30: =(B30-B29)/B29 -> 0.0052530205
A31: =IFERROR(__xludf.DUMMYFUNCTION("""COMPUTED_VALUE"""),44417.6458333333) -> 44417.646 | B31: =IFERROR(__xludf.DUMMYFUNCTION("""COMPUTED_VALUE"""),751.95) -> 751.95 | C31: =(B31-B30)/B30 -> 0.007530181
A32: =IFERROR(__xludf.DUMMYFUNCTION("""COMPUTED_VALUE"""),44418.6458333333) -> 44418.646 | B32: =IFERROR(__xludf.DUMMYFUNCTION("""COMPUTED_VALUE"""),753.83) -> 753.83 | C32: =(B32-B31)/B31 -> 0.0025001662
A33: =IFERROR(__xludf.DUMMYFUNCTION("""COMPUTED_VALUE"""),44419.6458333333) -> 44419.646 | B33: =IFERROR(__xludf.DUMMYFUNCTION("""COMPUTED_VALUE"""),747.48) -> 747.48 | C33: =(B33-B32)/B32 -> -0.0084236499
A34: =IFERROR(__xludf.DUMMYFUNCTION("""COMPUTED_VALUE"""),44420.6458333333) -> 44420.646 | B34: =IFERROR(__xludf.DUMMYFUNCTION("""COMPUTED_VALUE"""),750.7) -> 750.7 | C34: =(B34-B33)/B33 -> 0.0043078076
A35: =IFERROR(__xludf.DUMMYFUNCTION("""COMPUTED_VALUE"""),44421.6458333333) -> 44421.646 | B35: =IFERROR(__xludf.DUMMYFUNCTION("""COMPUTED_VALUE"""),763.1) -> 763.1 | C35: =(B35-B34)/B34 -> 0.016517917
A36: =IFERROR(__xludf.DUMMYFUNCTION("""COMPUTED_VALUE"""),44424.6458333333) -> 44424.646 | B36: =IFERROR(__xludf.DUMMYFUNCTION("""COMPUTED_VALUE"""),765.3) -> 765.3 | C36: =(B36-B35)/B35 -> 0.0028829773
A37: =IFERROR(__xludf.DUMMYFUNCTION("""COMPUTED_VALUE"""),44425.6458333333) -> 44425.646 | B37: =IFERROR(__xludf.DUMMYFUNCTION("""COMPUTED_VALUE"""),757.33) -> 757.33 | C37: =(B37-B36)/B36 -> -0.010414217
A38: =IFERROR(__xludf.DUMMYFUNCTION("""COMPUTED_VALUE"""),44426.6458333333) -> 44426.646 | B38: =IFERROR(__xludf.DUMMYFUNCTION("""COMPUTED_VALUE"""),756.5) -> 756.5 | C38: =(B38-B37)/B37 -> -0.0010959555
A39: =IFERROR(__xludf.DUMMYFUNCTION("""COMPUTED_VALUE"""),44428.6458333333) -> 44428.646 | B39: =IFERROR(__xludf.DUMMYFUNCTION("""COMPUTED_VALUE"""),757.38) -> 757.38 | C39: =(B39-B38)/B38 -> 0.0011632518
A40: =IFERROR(__xludf.DUMMYFUNCTION("""COMPUTED_VALUE"""),44431.6458333333) -> 44431.646 | B40: =IFERROR(__xludf.DUMMYFUNCTION("""COMPUTED_VALUE"""),762.3) -> 762.3 | C40: =(B40-B39)/B39 -> 0.0064960786
A41: =IFERROR(__xludf.DUMMYFUNCTION("""COMPUTED_VALUE"""),44432.6458333333) -> 44432.646 | B41: =IFERROR(__xludf.DUMMYFUNCTION("""COMPUTED_VALUE"""),779.43) -> 779.43 | C41: =(B41-B40)/B40 -> 0.022471468
A42: =IFERROR(__xludf.DUMMYFUNCTION("""COMPUTED_VALUE"""),44433.6458333333) -> 44433.646 | B42: =IFERROR(__xludf.DUMMYFUNCTION("""COMPUTED_VALUE"""),778.7) -> 778.7 | C42: =(B42-B41)/B41 -> -0.00093658186
A43: =IFERROR(__xludf.DUMMYFUNCTION("""COMPUTED_VALUE"""),44434.6458333333) -> 44434.646 | B43: =IFERROR(__xludf.DUMMYFUNCTION("""COMPUTED_VALUE"""),777.4) -> 777.4 | C43: =(B43-B42)/B42 -> -0.0016694491
A44: =IFERROR(__xludf.DUMMYFUNCTION("""COMPUTED_VALUE"""),44435.6458333333) -> 44435.646 | B44: =IFERROR(__xludf.DUMMYFUNCTION("""COMPUTED_VALUE"""),774.23) -> 774.23 | C44: =(B44-B43)/B43 -> -0.0040776949
A45: =IFERROR(__xludf.DUMMYFUNCTION("""COMPUTED_VALUE"""),44438.6458333333) -> 44438.646 | B45: =IFERROR(__xludf.DUMMYFUNCTION("""COMPUTED_VALUE"""),784.13) -> 784.13 | C45: =(B45-B44)/B44 -> 0.012786898
A46: =IFERROR(__xludf.DUMMYFUNCTION("""COMPUTED_VALUE"""),44439.6458333333) -> 44439.646 | B46: =IFERROR(__xludf.DUMMYFUNCTION("""COMPUTED_VALUE"""),790.7) -> 790.7 | C46: =(B46-B45)/B45 -> 0.0083787127
A47: =IFERROR(__xludf.DUMMYFUNCTION("""COMPUTED_VALUE"""),44440.6458333333) -> 44440.646 | B47: =IFERROR(__xludf.DUMMYFUNCTION("""COMPUTED_VALUE"""),789.55) -> 789.55 | C47: =(B47-B46)/B46 -> -0.0014544075
A48: =IFERROR(__xludf.DUMMYFUNCTION("""COMPUTED_VALUE"""),44441.6458333333) -> 44441.646 | B48: =IFERROR(__xludf.DUMMYFUNCTION("""COMPUTED_VALUE"""),794.5) -> 794.5 | C48: =(B48-B47)/B47 -> 0.006269394
A49: =IFERROR(__xludf.DUMMYFUNCTION("""COMPUTED_VALUE"""),44442.6458333333) -> 44442.646 | B49: =IFERROR(__xludf.DUMMYFUNCTION("""COMPUTED_VALUE"""),788.03) -> 788.03 | C49: =(B49-B48)/B48 -> -0.0081434865
A50: =IFERROR(__xludf.DUMMYFUNCTION("""COMPUTED_VALUE"""),44445.6458333333) -> 44445.646 | B50: =IFERROR(__xludf.DUMMYFUNCTION("""COMPUTED_VALUE"""),782.85) -> 782.85 | C50: =(B50-B49)/B49 -> -0.0065733538
A51: =IFERROR(__xludf.DUMMYFUNCTION("""COMPUTED_VALUE"""),44446.6458333333) -> 44446.646 | B51: =IFERROR(__xludf.DUMMYFUNCTION("""COMPUTED_VALUE"""),784.63) -> 784.63 | C51: =(B51-B50)/B50 -> 0.0022737434 | D51: =AVERAGE(B2:B50) -> 751.54694
A52: =IFERROR(__xludf.DUMMYFUNCTION("""COMPUTED_VALUE"""),44447.6458333333) -> 44447.646 | B52: =IFERROR(__xludf.DUMMYFUNCTION("""COMPUTED_VALUE"""),788.2) -> 788.2 | C52: =(B52-B51)/B51 -> 0.0045499152 | D52: =AVERAGE(B3:B51) -> 752.16837
A53: =IFERROR(__xludf.DUMMYFUNCTION("""COMPUTED_VALUE"""),44448.6458333333) -> 44448.646 | B53: =IFERROR(__xludf.DUMMYFUNCTION("""COMPUTED_VALUE"""),784.3) -> 784.3 | C53: =(B53-B52)/B52 -> -0.0049479827 | D53: =AVERAGE(B4:B52) -> 752.92694
A54: =IFERROR(__xludf.DUMMYFUNCTION("""COMPUTED_VALUE"""),44452.6458333333) -> 44452.646 | B54: =IFERROR(__xludf.DUMMYFUNCTION("""COMPUTED_VALUE"""),777.78) -> 777.78 | C54: =(B54-B53)/B53 -> -0.0083131455 | D54: =AVERAGE(B5:B53) -> 753.64837
A55: =IFERROR(__xludf.DUMMYFUNCTION("""COMPUTED_VALUE"""),44453.6458333333) -> 44453.646 | B55: =IFERROR(__xludf.DUMMYFUNCTION("""COMPUTED_VALUE"""),774.28) -> 774.28 | C55: =(B55-B54)/B54 -> -0.0044999871 | D55: =AVERAGE(B6:B54) -> 754.35041
A56: =IFERROR(__xludf.DUMMYFUNCTION("""COMPUTED_VALUE"""),44454.6458333333) -> 44454.646 | B56: =IFERROR(__xludf.DUMMYFUNCTION("""COMPUTED_VALUE"""),773.4) -> 773.4 | C56: =(B56-B55)/B55 -> -0.0011365398 | D56: =AVERAGE(B7:B55) -> 755.04592
A57: =IFERROR(__xludf.DUMMYFUNCTION("""COMPUTED_VALUE"""),44455.6458333333) -> 44455.646 | B57: =IFERROR(__xludf.DUMMYFUNCTION("""COMPUTED_VALUE"""),779.98) -> 779.98 | C57: =(B57-B56)/B56 -> 0.0085078873 | D57: =AVERAGE(B8:B56) -> 755.5698
A58: =IFERROR(__xludf.DUMMYFUNCTION("""COMPUTED_VALUE"""),44456.6458333333) -> 44456.646 | B58: =IFERROR(__xludf.DUMMYFUNCTION("""COMPUTED_VALUE"""),791.08) -> 791.08 | C58: =(B58-B57)/B57 -> 0.014231134 | D58: =AVERAGE(B9:B57) -> 755.82755
A59: =IFERROR(__xludf.DUMMYFUNCTION("""COMPUTED_VALUE"""),44459.6458333333) -> 44459.646 | B59: =IFERROR(__xludf.DUMMYFUNCTION("""COMPUTED_VALUE"""),779.93) -> 779.93 | C59: =(B59-B58)/B58 -> -0.014094655 | D59: =AVERAGE(B10:B58) -> 756.26286
A60: =IFERROR(__xludf.DUMMYFUNCTION("""COMPUTED_VALUE"""),44460.6458333333) -> 44460.646 | B60: =IFERROR(__xludf.DUMMYFUNCTION("""COMPUTED_VALUE"""),775.98) -> 775.98 | C60: =(B60-B59)/B59 -> -0.0050645571 | D60: =AVERAGE(B11:B59) -> 756.6649
A61: =IFERROR(__xludf.DUMMYFUNCTION("""COMPUTED_VALUE"""),44461.6458333333) -> 44461.646 | B61: =IFERROR(__xludf.DUMMYFUNCTION("""COMPUTED_VALUE"""),766.85) -> 766.85 | C61: =(B61-B60)/B60 -> -0.011765767 | D61: =AVERAGE(B12:B60) -> 757.17469
A62: =IFERROR(__xludf.DUMMYFUNCTION("""COMPUTED_VALUE"""),44462.6458333333) -> 44462.646 | B62: =IFERROR(__xludf.DUMMYFUNCTION("""COMPUTED_VALUE"""),785) -> 785 | C62: =(B62-B61)/B61 -> 0.023668253 | D62: =AVERAGE(B13:B61) -> 757.65122
A63: =IFERROR(__xludf.DUMMYFUNCTION("""COMPUTED_VALUE"""),44463.6458333333) -> 44463.646 | B63: =IFERROR(__xludf.DUMMYFUNCTION("""COMPUTED_VALUE"""),800.78) -> 800.78 | C63: =(B63-B62)/B62 -> 0.020101911 | D63: =AVERAGE(B14:B62) -> 758.34653
A64: =IFERROR(__xludf.DUMMYFUNCTION("""COMPUTED_VALUE"""),44466.6458333333) -> 44466.646 | B64: =IFERROR(__xludf.DUMMYFUNCTION("""COMPUTED_VALUE"""),812.55) -> 812.55 | C64: =(B64-B63)/B63 -> 0.014698169 | D64: =AVERAGE(B15:B63) -> 759.39143
A65: =IFERROR(__xludf.DUMMYFUNCTION("""COMPUTED_VALUE"""),44467.6458333333) -> 44467.646 | B65: =IFERROR(__xludf.DUMMYFUNCTION("""COMPUTED_VALUE"""),807.53) -> 807.53 | C65: =(B65-B64)/B64 -> -0.0061780813 | D65: =AVERAGE(B16:B64) -> 760.45673
A66: =IFERROR(__xludf.DUMMYFUNCTION("""COMPUTED_VALUE"""),44468.6458333333) -> 44468.646 | B66: =IFERROR(__xludf.DUMMYFUNCTION("""COMPUTED_VALUE"""),796.93) -> 796.93 | C66: =(B66-B65)/B65 -> -0.013126447 | D66: =AVERAGE(B17:B65) -> 761.40265
A67: =IFERROR(__xludf.DUMMYFUNCTION("""COMPUTED_VALUE"""),44469.6458333333) -> 44469.646 | B67: =IFERROR(__xludf.DUMMYFUNCTION("""COMPUTED_VALUE"""),797.48) -> 797.48 | C67: =(B67-B66)/B66 -> 0.00069014844 | D67: =AVERAGE(B18:B66) -> 762.65633
A68: =IFERROR(__xludf.DUMMYFUNCTION("""COMPUTED_VALUE"""),44470.6458333333) -> 44470.646 | B68: =IFERROR(__xludf.DUMMYFUNCTION("""COMPUTED_VALUE"""),791.35) -> 791.35 | C68: =(B68-B67)/B67 -> -0.0076867131 | D68: =AVERAGE(B19:B67) -> 764.20531
A69: =IFERROR(__xludf.DUMMYFUNCTION("""COMPUTED_VALUE"""),44473.6458333333) -> 44473.646 | B69: =IFERROR(__xludf.DUMMYFUNCTION("""COMPUTED_VALUE"""),792.88) -> 792.88 | C69: =(B69-B68)/B68 -> 0.0019334049 | D69: =AVERAGE(B20:B68) -> 765.57265
A70: =IFERROR(__xludf.DUMMYFUNCTION("""COMPUTED_VALUE"""),44474.6458333333) -> 44474.646 | B70: =IFERROR(__xludf.DUMMYFUNCTION("""COMPUTED_VALUE"""),797.73) -> 797.73 | C70: =(B70-B69)/B69 -> 0.0061169408 | D70: =AVERAGE(B21:B69) -> 767.03184
A71: =IFERROR(__xludf.DUMMYFUNCTION("""COMPUTED_VALUE"""),44475.6458333333) -> 44475.646 | B71: =IFERROR(__xludf.DUMMYFUNCTION("""COMPUTED_VALUE"""),807.45) -> 807.45 | C71: =(B71-B70)/B70 -> 0.012184574 | D71: =AVERAGE(B22:B70) -> 768.67367
A72: =IFERROR(__xludf.DUMMYFUNCTION("""COMPUTED_VALUE"""),44476.6458333333) -> 44476.646 | B72: =IFERROR(__xludf.DUMMYFUNCTION("""COMPUTED_VALUE"""),805.25) -> 805.25 | C72: =(B72-B71)/B71 -> -0.0027246269 | D72: =AVERAGE(B23:B71) -> 770.46082
A73: =IFERROR(__xludf.DUMMYFUNCTION("""COMPUTED_VALUE"""),44477.6458333333) -> 44477.646 | B73: =IFERROR(__xludf.DUMMYFUNCTION("""COMPUTED_VALUE"""),801.33) -> 801.33 | C73: =(B73-B72)/B72 -> -0.0048680534 | D73: =AVERAGE(B24:B72) -> 772.43224
A74: =IFERROR(__xludf.DUMMYFUNCTION("""COMPUTED_VALUE"""),44480.6458333333) -> 44480.646 | B74: =IFERROR(__xludf.DUMMYFUNCTION("""COMPUTED_VALUE"""),816.9) -> 816.9 | C74: =(B74-B73)/B73 -> 0.019430197 | D74: =AVERAGE(B25:B73) -> 774.31388
A75: =IFERROR(__xludf.DUMMYFUNCTION("""COMPUTED_VALUE"""),44481.6458333333) -> 44481.646 | B75: =IFERROR(__xludf.DUMMYFUNCTION("""COMPUTED_VALUE"""),814.8) -> 814.8 | C75: =(B75-B74)/B74 -> -0.0025706941 | D75: =AVERAGE(B26:B74) -> 776.42959
A76: =IFERROR(__xludf.DUMMYFUNCTION("""COMPUTED_VALUE"""),44482.6458333333) -> 44482.646 | B76: =IFERROR(__xludf.DUMMYFUNCTION("""COMPUTED_VALUE"""),819.7) -> 819.7 | C76: =(B76-B75)/B75 -> 0.0060137457 | D76: =AVERAGE(B27:B75) -> 778.54122
A77: =IFERROR(__xludf.DUMMYFUNCTION("""COMPUTED_VALUE"""),44483.6458333333) -> 44483.646 | B77: =IFERROR(__xludf.DUMMYFUNCTION("""COMPUTED_VALUE"""),843.7) -> 843.7 | C77: =(B77-B76)/B76 -> 0.029279005 | D77: =AVERAGE(B28:B76) -> 780.63
A78: =IFERROR(__xludf.DUMMYFUNCTION("""COMPUTED_VALUE"""),44487.6458333333) -> 44487.646 | B78: =IFERROR(__xludf.DUMMYFUNCTION("""COMPUTED_VALUE"""),835.15) -> 835.15 | C78: =(B78-B77)/B77 -> -0.010133934 | D78: =AVERAGE(B29:B77) -> 782.89633
A79: =IFERROR(__xludf.DUMMYFUNCTION("""COMPUTED_VALUE"""),44488.6458333333) -> 44488.646 | B79: =IFERROR(__xludf.DUMMYFUNCTION("""COMPUTED_VALUE"""),844.35) -> 844.35 | C79: =(B79-B78)/B78 -> 0.011015985 | D79: =AVERAGE(B30:B78) -> 784.78857
A80: =IFERROR(__xludf.DUMMYFUNCTION("""COMPUTED_VALUE"""),44489.6458333333) -> 44489.646 | B80: =IFERROR(__xludf.DUMMYFUNCTION("""COMPUTED_VALUE"""),836.93) -> 836.93 | C80: =(B80-B79)/B79 -> -0.008787825 | D80: =AVERAGE(B31:B79) -> 786.78898
A81: =IFERROR(__xludf.DUMMYFUNCTION("""COMPUTED_VALUE"""),44490.6458333333) -> 44490.646 | B81: =IFERROR(__xludf.DUMMYFUNCTION("""COMPUTED_VALUE"""),838.15) -> 838.15 | C81: =(B81-B80)/B80 -> 0.0014577085 | D81: =AVERAGE(B32:B80) -> 788.52327
A82: =IFERROR(__xludf.DUMMYFUNCTION("""COMPUTED_VALUE"""),44491.6458333333) -> 44491.646 | B82: =IFERROR(__xludf.DUMMYFUNCTION("""COMPUTED_VALUE"""),840.38) -> 840.38 | C82: =(B82-B81)/B81 -> 0.0026606216 | D82: =AVERAGE(B33:B81) -> 790.24408
A83: =IFERROR(__xludf.DUMMYFUNCTION("""COMPUTED_VALUE"""),44494.6458333333) -> 44494.646 | B83: =IFERROR(__xludf.DUMMYFUNCTION("""COMPUTED_VALUE"""),828.5) -> 828.5 | C83: =(B83-B82)/B82 -> -0.014136462 | D83: =AVERAGE(B34:B82) -> 792.14
A84: =IFERROR(__xludf.DUMMYFUNCTION("""COMPUTED_VALUE"""),44495.6458333333) -> 44495.646 | B84: =IFERROR(__xludf.DUMMYFUNCTION("""COMPUTED_VALUE"""),826.38) -> 826.38 | C84: =(B84-B83)/B83 -> -0.0025588413 | D84: =AVERAGE(B35:B83) -> 793.72776
A85: =IFERROR(__xludf.DUMMYFUNCTION("""COMPUTED_VALUE"""),44496.6458333333) -> 44496.646 | B85: =IFERROR(__xludf.DUMMYFUNCTION("""COMPUTED_VALUE"""),821.4) -> 821.4 | C85: =(B85-B84)/B84 -> -0.0060262833 | D85: =AVERAGE(B36:B84) -> 795.01918
A86: =IFERROR(__xludf.DUMMYFUNCTION("""COMPUTED_VALUE"""),44497.6458333333) -> 44497.646 | B86: =IFERROR(__xludf.DUMMYFUNCTION("""COMPUTED_VALUE"""),796.8) -> 796.8 | C86: =(B86-B85)/B85 -> -0.029948868 | D86: =AVERAGE(B37:B85) -> 796.16408
A87: =IFERROR(__xludf.DUMMYFUNCTION("""COMPUTED_VALUE"""),44498.6458333333) -> 44498.646 | B87: =IFERROR(__xludf.DUMMYFUNCTION("""COMPUTED_VALUE"""),791.43) -> 791.43 | C87: =(B87-B86)/B86 -> -0.0067394578 | D87: =AVERAGE(B38:B86) -> 796.96959
A88: =IFERROR(__xludf.DUMMYFUNCTION("""COMPUTED_VALUE"""),44501.6458333333) -> 44501.646 | B88: =IFERROR(__xludf.DUMMYFUNCTION("""COMPUTED_VALUE"""),802.65) -> 802.65 | C88: =(B88-B87)/B87 -> 0.01417687 | D88: =AVERAGE(B39:B87) -> 797.68245
A89: =IFERROR(__xludf.DUMMYFUNCTION("""COMPUTED_VALUE"""),44502.6458333333) -> 44502.646 | B89: =IFERROR(__xludf.DUMMYFUNCTION("""COMPUTED_VALUE"""),803.38) -> 803.38 | C89: =(B89-B88)/B88 -> 0.00090948732 | D89: =AVERAGE(B40:B88) -> 798.60633
A90: =IFERROR(__xludf.DUMMYFUNCTION("""COMPUTED_VALUE"""),44503.6458333333) -> 44503.646 | B90: =IFERROR(__xludf.DUMMYFUNCTION("""COMPUTED_VALUE"""),790.73) -> 790.73 | C90: =(B90-B89)/B89 -> -0.015745973 | D90: =AVERAGE(B41:B89) -> 799.44469
A91: =IFERROR(__xludf.DUMMYFUNCTION("""COMPUTED_VALUE"""),44504.8020833333) -> 44504.802 | B91: =IFERROR(__xludf.DUMMYFUNCTION("""COMPUTED_VALUE"""),796.98) -> 796.98 | C91: =(B91-B90)/B90 -> 0.0079040886 | D91: =AVERAGE(B42:B90) -> 799.67531
A92: =IFERROR(__xludf.DUMMYFUNCTION("""COMPUTED_VALUE"""),44508.6458333333) -> 44508.646 | B92: =IFERROR(__xludf.DUMMYFUNCTION("""COMPUTED_VALUE"""),800.13) -> 800.13 | C92: =(B92-B91)/B91 -> 0.0039524204 | D92: =AVERAGE(B43:B91) -> 800.04837
A93: =IFERROR(__xludf.DUMMYFUNCTION("""COMPUTED_VALUE"""),44509.6458333333) -> 44509.646 | B93: =IFERROR(__xludf.DUMMYFUNCTION("""COMPUTED_VALUE"""),786.13) -> 786.13 | C93: =(B93-B92)/B92 -> -0.017497157 | D93: =AVERAGE(B44:B92) -> 800.51224
A94: =IFERROR(__xludf.DUMMYFUNCTION("""COMPUTED_VALUE"""),44510.6458333333) -> 44510.646 | B94: =IFERROR(__xludf.DUMMYFUNCTION("""COMPUTED_VALUE"""),777.63) -> 777.63 | C94: =(B94-B93)/B93 -> -0.010812461 | D94: =AVERAGE(B45:B93) -> 800.7551
A95: =IFERROR(__xludf.DUMMYFUNCTION("""COMPUTED_VALUE"""),44511.6458333333) -> 44511.646 | B95: =IFERROR(__xludf.DUMMYFUNCTION("""COMPUTED_VALUE"""),774.15) -> 774.15 | C95: =(B95-B94)/B94 -> -0.004475136 | D95: =AVERAGE(B46:B94) -> 800.62245
A96: =IFERROR(__xludf.DUMMYFUNCTION("""COMPUTED_VALUE"""),44512.6458333333) -> 44512.646 | B96: =IFERROR(__xludf.DUMMYFUNCTION("""COMPUTED_VALUE"""),776.5) -> 776.5 | C96: =(B96-B95)/B95 -> 0.0030355874 | D96: =AVERAGE(B47:B95) -> 800.28469
A97: =IFERROR(__xludf.DUMMYFUNCTION("""COMPUTED_VALUE"""),44515.6458333333) -> 44515.646 | B97: =IFERROR(__xludf.DUMMYFUNCTION("""COMPUTED_VALUE"""),778.63) -> 778.63 | C97: =(B97-B96)/B96 -> 0.0027430779 | D97: =AVERAGE(B48:B96) -> 800.01837
A98: =IFERROR(__xludf.DUMMYFUNCTION("""COMPUTED_VALUE"""),44516.6458333333) -> 44516.646 | B98: =IFERROR(__xludf.DUMMYFUNCTION("""COMPUTED_VALUE"""),774) -> 774 | C98: =(B98-B97)/B97 -> -0.0059463417 | D98: =AVERAGE(B49:B97) -> 799.69449
A99: =IFERROR(__xludf.DUMMYFUNCTION("""COMPUTED_VALUE"""),44517.6458333333) -> 44517.646 | B99: =IFERROR(__xludf.DUMMYFUNCTION("""COMPUTED_VALUE"""),765.4) -> 765.4 | C99: =(B99-B98)/B98 -> -0.011111111 | D99: =AVERAGE(B50:B98) -> 799.40816
A100: =IFERROR(__xludf.DUMMYFUNCTION("""COMPUTED_VALUE"""),44518.6458333333) -> 44518.646 | B100: =IFERROR(__xludf.DUMMYFUNCTION("""COMPUTED_VALUE"""),769.7) -> 769.7 | C100: =(B100-B99)/B99 -> 0.0056179775 | D100: =AVERAGE(B51:B99) -> 799.05204
...

Sheet ICICI
A1: =IFERROR(__xludf.DUMMYFUNCTION("GOOGLEFINANCE(""NSE:ICICIBANK"", ""price"", TODAY()-1825, TODAY(), ""DAILY"")"),"Date") -> Date | B1: =IFERROR(__xludf.DUMMYFUNCTION("""COMPUTED_VALUE"""),"Close") -> Close | C1: Daily Return % | D1: 50-Day Moving Average (SMA) | E1: Annualized Volatility (Risk) | F1: Average Annual Return
A2: =IFERROR(__xludf.DUMMYFUNCTION("""COMPUTED_VALUE"""),44375.6458333333) -> 44375.646 | B2: =IFERROR(__xludf.DUMMYFUNCTION("""COMPUTED_VALUE"""),650.3) -> 650.3 | E2: =_xlfn.STDEV.S(C:C) * SQRT(252) -> 0.20404637 | F2: =AVERAGE(C:C)*252 -> 0.174235
A3: =IFERROR(__xludf.DUMMYFUNCTION("""COMPUTED_VALUE"""),44376.6458333333) -> 44376.646 | B3: =IFERROR(__xludf.DUMMYFUNCTION("""COMPUTED_VALUE"""),640.1) -> 640.1 | C3: =(B3-B2)/B2 -> -0.015685068
A4: =IFERROR(__xludf.DUMMYFUNCTION("""COMPUTED_VALUE"""),44377.6458333333) -> 44377.646 | B4: =IFERROR(__xludf.DUMMYFUNCTION("""COMPUTED_VALUE"""),630.9) -> 630.9 | C4: =(B4-B3)/B3 -> -0.014372754
A5: =IFERROR(__xludf.DUMMYFUNCTION("""COMPUTED_VALUE"""),44378.6458333333) -> 44378.646 | B5: =IFERROR(__xludf.DUMMYFUNCTION("""COMPUTED_VALUE"""),630.85) -> 630.85 | C5: =(B5-B4)/B4 -> -7.9251862e-05
A6: =IFERROR(__xludf.DUMMYFUNCTION("""COMPUTED_VALUE"""),44379.6458333333) -> 44379.646 | B6: =IFERROR(__xludf.DUMMYFUNCTION("""COMPUTED_VALUE"""),640.25) -> 640.25 | C6: =(B6-B5)/B5 -> 0.014900531
A7: =IFERROR(__xludf.DUMMYFUNCTION("""COMPUTED_VALUE"""),44382.6458333333) -> 44382.646 | B7: =IFERROR(__xludf.DUMMYFUNCTION("""COMPUTED_VALUE"""),647.85) -> 647.85 | C7: =(B7-B6)/B6 -> 0.011870363
A8: =IFERROR(__xludf.DUMMYFUNCTION("""COMPUTED_VALUE"""),44383.6458333333) -> 44383.646 | B8: =IFERROR(__xludf.DUMMYFUNCTION("""COMPUTED_VALUE"""),650.3) -> 650.3 | C8: =(B8-B7)/B7 -> 0.0037817396
A9: =IFERROR(__xludf.DUMMYFUNCTION("""COMPUTED_VALUE"""),44384.6458333333) -> 44384.646 | B9: =IFERROR(__xludf.DUMMYFUNCTION("""COMPUTED_VALUE"""),654) -> 654 | C9: =(B9-B8)/B8 -> 0.0056896817
A10: =IFERROR(__xludf.DUMMYFUNCTION("""COMPUTED_VALUE"""),44385.6458333333) -> 44385.646 | B10: =IFERROR(__xludf.DUMMYFUNCTION("""COMPUTED_VALUE"""),641.9) -> 641.9 | C10: =(B10-B9)/B9 -> -0.018501529
A11: =IFERROR(__xludf.DUMMYFUNCTION("""COMPUTED_VALUE"""),44386.6458333333) -> 44386.646 | B11: =IFERROR(__xludf.DUMMYFUNCTION("""COMPUTED_VALUE"""),638.55) -> 638.55 | C11: =(B11-B10)/B10 -> -0.0052188814
A12: =IFERROR(__xludf.DUMMYFUNCTION("""COMPUTED_VALUE"""),44389.6458333333) -> 44389.646 | B12: =IFERROR(__xludf.DUMMYFUNCTION("""COMPUTED_VALUE"""),646.25) -> 646.25 | C12: =(B12-B11)/B11 -> 0.01205857
A13: =IFERROR(__xludf.DUMMYFUNCTION("""COMPUTED_VALUE"""),44390.6458333333) -> 44390.646 | B13: =IFERROR(__xludf.DUMMYFUNCTION("""COMPUTED_VALUE"""),664.95) -> 664.95 | C13: =(B13-B12)/B12 -> 0.02893617
A14: =IFERROR(__xludf.DUMMYFUNCTION("""COMPUTED_VALUE"""),44391.6458333333) -> 44391.646 | B14: =IFERROR(__xludf.DUMMYFUNCTION("""COMPUTED_VALUE"""),664.35) -> 664.35 | C14: =(B14-B13)/B13 -> -0.00090232348
A15: =IFERROR(__xludf.DUMMYFUNCTION("""COMPUTED_VALUE"""),44392.6458333333) -> 44392.646 | B15: =IFERROR(__xludf.DUMMYFUNCTION("""COMPUTED_VALUE"""),667.45) -> 667.45 | C15: =(B15-B14)/B14 -> 0.0046662151
A16: =IFERROR(__xludf.DUMMYFUNCTION("""COMPUTED_VALUE"""),44393.6458333333) -> 44393.646 | B16: =IFERROR(__xludf.DUMMYFUNCTION("""COMPUTED_VALUE"""),660.3) -> 660.3 | C16: =(B16-B15)/B15 -> -0.010712413
A17: =IFERROR(__xludf.DUMMYFUNCTION("""COMPUTED_VALUE"""),44396.6458333333) -> 44396.646 | B17: =IFERROR(__xludf.DUMMYFUNCTION("""COMPUTED_VALUE"""),655.9) -> 655.9 | C17: =(B17-B16)/B16 -> -0.0066636377
A18: =IFERROR(__xludf.DUMMYFUNCTION("""COMPUTED_VALUE"""),44397.6458333333) -> 44397.646 | B18: =IFERROR(__xludf.DUMMYFUNCTION("""COMPUTED_VALUE"""),641.9) -> 641.9 | C18: =(B18-B17)/B17 -> -0.021344717
A19: =IFERROR(__xludf.DUMMYFUNCTION("""COMPUTED_VALUE"""),44399.6458333333) -> 44399.646 | B19: =IFERROR(__xludf.DUMMYFUNCTION("""COMPUTED_VALUE"""),655.95) -> 655.95 | C19: =(B19-B18)/B18 -> 0.021888145
A20: =IFERROR(__xludf.DUMMYFUNCTION("""COMPUTED_VALUE"""),44400.6458333333) -> 44400.646 | B20: =IFERROR(__xludf.DUMMYFUNCTION("""COMPUTED_VALUE"""),676.65) -> 676.65 | C20: =(B20-B19)/B19 -> 0.031557283
A21: =IFERROR(__xludf.DUMMYFUNCTION("""COMPUTED_VALUE"""),44403.6458333333) -> 44403.646 | B21: =IFERROR(__xludf.DUMMYFUNCTION("""COMPUTED_VALUE"""),676.75) -> 676.75 | C21: =(B21-B20)/B20 -> 0.00014778689
A22: =IFERROR(__xludf.DUMMYFUNCTION("""COMPUTED_VALUE"""),44404.6458333333) -> 44404.646 | B22: =IFERROR(__xludf.DUMMYFUNCTION("""COMPUTED_VALUE"""),677.45) -> 677.45 | C22: =(B22-B21)/B21 -> 0.0010343554
A23: =IFERROR(__xludf.DUMMYFUNCTION("""COMPUTED_VALUE"""),44405.6458333333) -> 44405.646 | B23: =IFERROR(__xludf.DUMMYFUNCTION("""COMPUTED_VALUE"""),685.05) -> 685.05 | C23: =(B23-B22)/B22 -> 0.01121854
A24: =IFERROR(__xludf.DUMMYFUNCTION("""COMPUTED_VALUE"""),44406.6458333333) -> 44406.646 | B24: =IFERROR(__xludf.DUMMYFUNCTION("""COMPUTED_VALUE"""),687.5) -> 687.5 | C24: =(B24-B23)/B23 -> 0.0035763813
A25: =IFERROR(__xludf.DUMMYFUNCTION("""COMPUTED_VALUE"""),44407.6458333333) -> 44407.646 | B25: =IFERROR(__xludf.DUMMYFUNCTION("""COMPUTED_VALUE"""),682.5) -> 682.5 | C25: =(B25-B24)/B24 -> -0.0072727273
A26: =IFERROR(__xludf.DUMMYFUNCTION("""COMPUTED_VALUE"""),44410.6458333333) -> 44410.646 | B26: =IFERROR(__xludf.DUMMYFUNCTION("""COMPUTED_VALUE"""),681.4) -> 681.4 | C26: =(B26-B25)/B25 -> -0.0016117216
A27: =IFERROR(__xludf.DUMMYFUNCTION("""COMPUTED_VALUE"""),44411.6458333333) -> 44411.646 | B27: =IFERROR(__xludf.DUMMYFUNCTION("""COMPUTED_VALUE"""),690.4) -> 690.4 | C27: =(B27-B26)/B26 -> 0.013208101
A28: =IFERROR(__xludf.DUMMYFUNCTION("""COMPUTED_VALUE"""),44412.6458333333) -> 44412.646 | B28: =IFERROR(__xludf.DUMMYFUNCTION("""COMPUTED_VALUE"""),714.65) -> 714.65 | C28: =(B28-B27)/B27 -> 0.035124565
A29: =IFERROR(__xludf.DUMMYFUNCTION("""COMPUTED_VALUE"""),44413.6458333333) -> 44413.646 | B29: =IFERROR(__xludf.DUMMYFUNCTION("""COMPUTED_VALUE"""),702.45) -> 702.45 | C29: =(B29-B28)/B28 -> -0.017071294
A30: =IFERROR(__xludf.DUMMYFUNCTION("""COMPUTED_VALUE"""),44414.6458333333) -> 44414.646 | B30: =IFERROR(__xludf.DUMMYFUNCTION("""COMPUTED_VALUE"""),697.65) -> 697.65 | C30: =(B30-B29)/B29 -> -0.0068332266
A31: =IFERROR(__xludf.DUMMYFUNCTION("""COMPUTED_VALUE"""),44417.6458333333) -> 44417.646 | B31: =IFERROR(__xludf.DUMMYFUNCTION("""COMPUTED_VALUE"""),702.85) -> 702.85 | C31: =(B31-B30)/B30 -> 0.0074535942
A32: =IFERROR(__xludf.DUMMYFUNCTION("""COMPUTED_VALUE"""),44418.6458333333) -> 44418.646 | B32: =IFERROR(__xludf.DUMMYFUNCTION("""COMPUTED_VALUE"""),700.9) -> 700.9 | C32: =(B32-B31)/B31 -> -0.0027744184
A33: =IFERROR(__xludf.DUMMYFUNCTION("""COMPUTED_VALUE"""),44419.6458333333) -> 44419.646 | B33: =IFERROR(__xludf.DUMMYFUNCTION("""COMPUTED_VALUE"""),693.55) -> 693.55 | C33: =(B33-B32)/B32 -> -0.010486517
A34: =IFERROR(__xludf.DUMMYFUNCTION("""COMPUTED_VALUE"""),44420.6458333333) -> 44420.646 | B34: =IFERROR(__xludf.DUMMYFUNCTION("""COMPUTED_VALUE"""),701.35) -> 701.35 | C34: =(B34-B33)/B33 -> 0.011246485
A35: =IFERROR(__xludf.DUMMYFUNCTION("""COMPUTED_VALUE"""),44421.6458333333) -> 44421.646 | B35: =IFERROR(__xludf.DUMMYFUNCTION("""COMPUTED_VALUE"""),704.8) -> 704.8 | C35: =(B35-B34)/B34 -> 0.0049190846
A36: =IFERROR(__xludf.DUMMYFUNCTION("""COMPUTED_VALUE"""),44424.6458333333) -> 44424.646 | B36: =IFERROR(__xludf.DUMMYFUNCTION("""COMPUTED_VALUE"""),702.65) -> 702.65 | C36: =(B36-B35)/B35 -> -0.0030505108
A37: =IFERROR(__xludf.DUMMYFUNCTION("""COMPUTED_VALUE"""),44425.6458333333) -> 44425.646 | B37: =IFERROR(__xludf.DUMMYFUNCTION("""COMPUTED_VALUE"""),701.2) -> 701.2 | C37: =(B37-B36)/B36 -> -0.0020636163
A38: =IFERROR(__xludf.DUMMYFUNCTION("""COMPUTED_VALUE"""),44426.6458333333) -> 44426.646 | B38: =IFERROR(__xludf.DUMMYFUNCTION("""COMPUTED_VALUE"""),688.3) -> 688.3 | C38: =(B38-B37)/B37 -> -0.018397034
A39: =IFERROR(__xludf.DUMMYFUNCTION("""COMPUTED_VALUE"""),44428.6458333333) -> 44428.646 | B39: =IFERROR(__xludf.DUMMYFUNCTION("""COMPUTED_VALUE"""),680.7) -> 680.7 | C39: =(B39-B38)/B38 -> -0.011041697
A40: =IFERROR(__xludf.DUMMYFUNCTION("""COMPUTED_VALUE"""),44431.6458333333) -> 44431.646 | B40: =IFERROR(__xludf.DUMMYFUNCTION("""COMPUTED_VALUE"""),682.7) -> 682.7 | C40: =(B40-B39)/B39 -> 0.0029381519
A41: =IFERROR(__xludf.DUMMYFUNCTION("""COMPUTED_VALUE"""),44432.6458333333) -> 44432.646 | B41: =IFERROR(__xludf.DUMMYFUNCTION("""COMPUTED_VALUE"""),694.45) -> 694.45 | C41: =(B41-B40)/B40 -> 0.017211074
A42: =IFERROR(__xludf.DUMMYFUNCTION("""COMPUTED_VALUE"""),44433.6458333333) -> 44433.646 | B42: =IFERROR(__xludf.DUMMYFUNCTION("""COMPUTED_VALUE"""),691.05) -> 691.05 | C42: =(B42-B41)/B41 -> -0.0048959608
A43: =IFERROR(__xludf.DUMMYFUNCTION("""COMPUTED_VALUE"""),44434.6458333333) -> 44434.646 | B43: =IFERROR(__xludf.DUMMYFUNCTION("""COMPUTED_VALUE"""),698.8) -> 698.8 | C43: =(B43-B42)/B42 -> 0.011214818
A44: =IFERROR(__xludf.DUMMYFUNCTION("""COMPUTED_VALUE"""),44435.6458333333) -> 44435.646 | B44: =IFERROR(__xludf.DUMMYFUNCTION("""COMPUTED_VALUE"""),699.75) -> 699.75 | C44: =(B44-B43)/B43 -> 0.0013594734
A45: =IFERROR(__xludf.DUMMYFUNCTION("""COMPUTED_VALUE"""),44438.6458333333) -> 44438.646 | B45: =IFERROR(__xludf.DUMMYFUNCTION("""COMPUTED_VALUE"""),713.65) -> 713.65 | C45: =(B45-B44)/B44 -> 0.019864237
A46: =IFERROR(__xludf.DUMMYFUNCTION("""COMPUTED_VALUE"""),44439.6458333333) -> 44439.646 | B46: =IFERROR(__xludf.DUMMYFUNCTION("""COMPUTED_VALUE"""),719.05) -> 719.05 | C46: =(B46-B45)/B45 -> 0.0075667344
A47: =IFERROR(__xludf.DUMMYFUNCTION("""COMPUTED_VALUE"""),44440.6458333333) -> 44440.646 | B47: =IFERROR(__xludf.DUMMYFUNCTION("""COMPUTED_VALUE"""),719.9) -> 719.9 | C47: =(B47-B46)/B46 -> 0.0011821153
A48: =IFERROR(__xludf.DUMMYFUNCTION("""COMPUTED_VALUE"""),44441.6458333333) -> 44441.646 | B48: =IFERROR(__xludf.DUMMYFUNCTION("""COMPUTED_VALUE"""),725.15) -> 725.15 | C48: =(B48-B47)/B47 -> 0.0072926795
A49: =IFERROR(__xludf.DUMMYFUNCTION("""COMPUTED_VALUE"""),44442.6458333333) -> 44442.646 | B49: =IFERROR(__xludf.DUMMYFUNCTION("""COMPUTED_VALUE"""),724.3) -> 724.3 | C49: =(B49-B48)/B48 -> -0.0011721713
A50: =IFERROR(__xludf.DUMMYFUNCTION("""COMPUTED_VALUE"""),44445.6458333333) -> 44445.646 | B50: =IFERROR(__xludf.DUMMYFUNCTION("""COMPUTED_VALUE"""),721.15) -> 721.15 | C50: =(B50-B49)/B49 -> -0.0043490266
A51: =IFERROR(__xludf.DUMMYFUNCTION("""COMPUTED_VALUE"""),44446.6458333333) -> 44446.646 | B51: =IFERROR(__xludf.DUMMYFUNCTION("""COMPUTED_VALUE"""),716.9) -> 716.9 | C51: =(B51-B50)/B50 -> -0.0058933648 | D51: =AVERAGE(B2:B50) -> 680.01531
A52: =IFERROR(__xludf.DUMMYFUNCTION("""COMPUTED_VALUE"""),44447.6458333333) -> 44447.646 | B52: =IFERROR(__xludf.DUMMYFUNCTION("""COMPUTED_VALUE"""),720.95) -> 720.95 | C52: =(B52-B51)/B51 -> 0.0056493235 | D52: =AVERAGE(B3:B51) -> 681.37449
A53: =IFERROR(__xludf.DUMMYFUNCTION("""COMPUTED_VALUE"""),44448.6458333333) -> 44448.646 | B53: =IFERROR(__xludf.DUMMYFUNCTION("""COMPUTED_VALUE"""),720.25) -> 720.25 | C53: =(B53-B52)/B52 -> -0.00097094112 | D53: =AVERAGE(B4:B52) -> 683.02449
A54: =IFERROR(__xludf.DUMMYFUNCTION("""COMPUTED_VALUE"""),44452.6458333333) -> 44452.646 | B54: =IFERROR(__xludf.DUMMYFUNCTION("""COMPUTED_VALUE"""),707.4) -> 707.4 | C54: =(B54-B53)/B53 -> -0.017841027 | D54: =AVERAGE(B5:B53) -> 684.84796
A55: =IFERROR(__xludf.DUMMYFUNCTION("""COMPUTED_VALUE"""),44453.6458333333) -> 44453.646 | B55: =IFERROR(__xludf.DUMMYFUNCTION("""COMPUTED_VALUE"""),707.45) -> 707.45 | C55: =(B55-B54)/B54 -> 7.0681368e-05 | D55: =AVERAGE(B6:B54) -> 686.4102
A56: =IFERROR(__xludf.DUMMYFUNCTION("""COMPUTED_VALUE"""),44454.6458333333) -> 44454.646 | B56: =IFERROR(__xludf.DUMMYFUNCTION("""COMPUTED_VALUE"""),714.35) -> 714.35 | C56: =(B56-B55)/B55 -> 0.0097533395 | D56: =AVERAGE(B7:B55) -> 687.78163
A57: =IFERROR(__xludf.DUMMYFUNCTION("""COMPUTED_VALUE"""),44455.6458333333) -> 44455.646 | B57: =IFERROR(__xludf.DUMMYFUNCTION("""COMPUTED_VALUE"""),727.2) -> 727.2 | C57: =(B57-B56)/B56 -> 0.017988381 | D57: =AVERAGE(B8:B56) -> 689.13878
A58: =IFERROR(__xludf.DUMMYFUNCTION("""COMPUTED_VALUE"""),44456.6458333333) -> 44456.646 | B58: =IFERROR(__xludf.DUMMYFUNCTION("""COMPUTED_VALUE"""),720.15) -> 720.15 | C58: =(B58-B57)/B57 -> -0.0096947195 | D58: =AVERAGE(B9:B57) -> 690.70816
A59: =IFERROR(__xludf.DUMMYFUNCTION("""COMPUTED_VALUE"""),44459.6458333333) -> 44459.646 | B59: =IFERROR(__xludf.DUMMYFUNCTION("""COMPUTED_VALUE"""),710) -> 710 | C59: =(B59-B58)/B58 -> -0.014094286 | D59: =AVERAGE(B10:B58) -> 692.05816
A60: =IFERROR(__xludf.DUMMYFUNCTION("""COMPUTED_VALUE"""),44460.6458333333) -> 44460.646 | B60: =IFERROR(__xludf.DUMMYFUNCTION("""COMPUTED_VALUE"""),711.85) -> 711.85 | C60: =(B60-B59)/B59 -> 0.0026056338 | D60: =AVERAGE(B11:B59) -> 693.44796
A61: =IFERROR(__xludf.DUMMYFUNCTION("""COMPUTED_VALUE"""),44461.6458333333) -> 44461.646 | B61: =IFERROR(__xludf.DUMMYFUNCTION("""COMPUTED_VALUE"""),703.35) -> 703.35 | C61: =(B61-B60)/B60 -> -0.011940718 | D61: =AVERAGE(B12:B60) -> 694.94388
A62: =IFERROR(__xludf.DUMMYFUNCTION("""COMPUTED_VALUE"""),44462.6458333333) -> 44462.646 | B62: =IFERROR(__xludf.DUMMYFUNCTION("""COMPUTED_VALUE"""),717) -> 717 | C62: =(B62-B61)/B61 -> 0.019407123 | D62: =AVERAGE(B13:B61) -> 696.10918
A63: =IFERROR(__xludf.DUMMYFUNCTION("""COMPUTED_VALUE"""),44463.6458333333) -> 44463.646 | B63: =IFERROR(__xludf.DUMMYFUNCTION("""COMPUTED_VALUE"""),722.95) -> 722.95 | C63: =(B63-B62)/B62 -> 0.0082984658 | D63: =AVERAGE(B14:B62) -> 697.17143
A64: =IFERROR(__xludf.DUMMYFUNCTION("""COMPUTED_VALUE"""),44466.6458333333) -> 44466.646 | B64: =IFERROR(__xludf.DUMMYFUNCTION("""COMPUTED_VALUE"""),730) -> 730 | C64: =(B64-B63)/B63 -> 0.0097517117 | D64: =AVERAGE(B15:B63) -> 698.36735
A65: =IFERROR(__xludf.DUMMYFUNCTION("""COMPUTED_VALUE"""),44467.6458333333) -> 44467.646 | B65: =IFERROR(__xludf.DUMMYFUNCTION("""COMPUTED_VALUE"""),717.15) -> 717.15 | C65: =(B65-B64)/B64 -> -0.01760274 | D65: =AVERAGE(B16:B64) -> 699.64388
A66: =IFERROR(__xludf.DUMMYFUNCTION("""COMPUTED_VALUE"""),44468.6458333333) -> 44468.646 | B66: =IFERROR(__xludf.DUMMYFUNCTION("""COMPUTED_VALUE"""),709.5) -> 709.5 | C66: =(B66-B65)/B65 -> -0.010667224 | D66: =AVERAGE(B17:B65) -> 700.80408
A67: =IFERROR(__xludf.DUMMYFUNCTION("""COMPUTED_VALUE"""),44469.6458333333) -> 44469.646 | B67: =IFERROR(__xludf.DUMMYFUNCTION("""COMPUTED_VALUE"""),700.85) -> 700.85 | C67: =(B67-B66)/B66 -> -0.012191684 | D67: =AVERAGE(B18:B66) -> 701.89796
A68: =IFERROR(__xludf.DUMMYFUNCTION("""COMPUTED_VALUE"""),44470.6458333333) -> 44470.646 | B68: =IFERROR(__xludf.DUMMYFUNCTION("""COMPUTED_VALUE"""),692.35) -> 692.35 | C68: =(B68-B67)/B67 -> -0.01212813 | D68: =AVERAGE(B19:B67) -> 703.10102
A69: =IFERROR(__xludf.DUMMYFUNCTION("""COMPUTED_VALUE"""),44473.6458333333) -> 44473.646 | B69: =IFERROR(__xludf.DUMMYFUNCTION("""COMPUTED_VALUE"""),700.2) -> 700.2 | C69: =(B69-B68)/B68 -> 0.011338196 | D69: =AVERAGE(B20:B68) -> 703.84388
A70: =IFERROR(__xludf.DUMMYFUNCTION("""COMPUTED_VALUE"""),44474.6458333333) -> 44474.646 | B70: =IFERROR(__xludf.DUMMYFUNCTION("""COMPUTED_VALUE"""),697.1) -> 697.1 | C70: =(B70-B69)/B69 -> -0.0044273065 | D70: =AVERAGE(B21:B69) -> 704.32449
A71: =IFERROR(__xludf.DUMMYFUNCTION("""COMPUTED_VALUE"""),44475.6458333333) -> 44475.646 | B71: =IFERROR(__xludf.DUMMYFUNCTION("""COMPUTED_VALUE"""),689.5) -> 689.5 | C71: =(B71-B70)/B70 -> -0.01090231 | D71: =AVERAGE(B22:B70) -> 704.7398
A72: =IFERROR(__xludf.DUMMYFUNCTION("""COMPUTED_VALUE"""),44476.6458333333) -> 44476.646 | B72: =IFERROR(__xludf.DUMMYFUNCTION("""COMPUTED_VALUE"""),702.2) -> 702.2 | C72: =(B72-B71)/B71 -> 0.018419144 | D72: =AVERAGE(B23:B71) -> 704.98571
A73: =IFERROR(__xludf.DUMMYFUNCTION("""COMPUTED_VALUE"""),44477.6458333333) -> 44477.646 | B73: =IFERROR(__xludf.DUMMYFUNCTION("""COMPUTED_VALUE"""),703.4) -> 703.4 | C73: =(B73-B72)/B72 -> 0.0017089148 | D73: =AVERAGE(B24:B72) -> 705.33571
A74: =IFERROR(__xludf.DUMMYFUNCTION("""COMPUTED_VALUE"""),44480.6458333333) -> 44480.646 | B74: =IFERROR(__xludf.DUMMYFUNCTION("""COMPUTED_VALUE"""),713.3) -> 713.3 | C74: =(B74-B73)/B73 -> 0.014074495 | D74: =AVERAGE(B25:B73) -> 705.6602
A75: =IFERROR(__xludf.DUMMYFUNCTION("""COMPUTED_VALUE"""),44481.6458333333) -> 44481.646 | B75: =IFERROR(__xludf.DUMMYFUNCTION("""COMPUTED_VALUE"""),708.6) -> 708.6 | C75: =(B75-B74)/B74 -> -0.0065890929 | D75: =AVERAGE(B26:B74) -> 706.28878
A76: =IFERROR(__xludf.DUMMYFUNCTION("""COMPUTED_VALUE"""),44482.6458333333) -> 44482.646 | B76: =IFERROR(__xludf.DUMMYFUNCTION("""COMPUTED_VALUE"""),709.95) -> 709.95 | C76: =(B76-B75)/B75 -> 0.0019051651 | D76: =AVERAGE(B27:B75) -> 706.84388
A77: =IFERROR(__xludf.DUMMYFUNCTION("""COMPUTED_VALUE"""),44483.6458333333) -> 44483.646 | B77: =IFERROR(__xludf.DUMMYFUNCTION("""COMPUTED_VALUE"""),727.3) -> 727.3 | C77: =(B77-B76)/B76 -> 0.024438341 | D77: =AVERAGE(B28:B76) -> 707.24286
A78: =IFERROR(__xludf.DUMMYFUNCTION("""COMPUTED_VALUE"""),44487.6458333333) -> 44487.646 | B78: =IFERROR(__xludf.DUMMYFUNCTION("""COMPUTED_VALUE"""),745.45) -> 745.45 | C78: =(B78-B77)/B77 -> 0.024955314 | D78: =AVERAGE(B29:B77) -> 707.50102
A79: =IFERROR(__xludf.DUMMYFUNCTION("""COMPUTED_VALUE"""),44488.6458333333) -> 44488.646 | B79: =IFERROR(__xludf.DUMMYFUNCTION("""COMPUTED_VALUE"""),747.45) -> 747.45 | C79: =(B79-B78)/B78 -> 0.0026829432 | D79: =AVERAGE(B30:B78) -> 708.37857
A80: =IFERROR(__xludf.DUMMYFUNCTION("""COMPUTED_VALUE"""),44489.6458333333) -> 44489.646 | B80: =IFERROR(__xludf.DUMMYFUNCTION("""COMPUTED_VALUE"""),745.85) -> 745.85 | C80: =(B80-B79)/B79 -> -0.0021406114 | D80: =AVERAGE(B31:B79) -> 709.3949
A81: =IFERROR(__xludf.DUMMYFUNCTION("""COMPUTED_VALUE"""),44490.6458333333) -> 44490.646 | B81: =IFERROR(__xludf.DUMMYFUNCTION("""COMPUTED_VALUE"""),755.5) -> 755.5 | C81: =(B81-B80)/B80 -> 0.012938258 | D81: =AVERAGE(B32:B80) -> 710.27245
A82: =IFERROR(__xludf.DUMMYFUNCTION("""COMPUTED_VALUE"""),44491.6458333333) -> 44491.646 | B82: =IFERROR(__xludf.DUMMYFUNCTION("""COMPUTED_VALUE"""),759.3) -> 759.3 | C82: =(B82-B81)/B81 -> 0.0050297816 | D82: =AVERAGE(B33:B81) -> 711.38673
A83: =IFERROR(__xludf.DUMMYFUNCTION("""COMPUTED_VALUE"""),44494.6458333333) -> 44494.646 | B83: =IFERROR(__xludf.DUMMYFUNCTION("""COMPUTED_VALUE"""),841.7) -> 841.7 | C83: =(B83-B82)/B82 -> 0.10852101 | D83: =AVERAGE(B34:B82) -> 712.72857
A84: =IFERROR(__xludf.DUMMYFUNCTION("""COMPUTED_VALUE"""),44495.6458333333) -> 44495.646 | B84: =IFERROR(__xludf.DUMMYFUNCTION("""COMPUTED_VALUE"""),829.4) -> 829.4 | C84: =(B84-B83)/B83 -> -0.014613283 | D84: =AVERAGE(B35:B83) -> 715.59286
A85: =IFERROR(__xludf.DUMMYFUNCTION("""COMPUTED_VALUE"""),44496.6458333333) -> 44496.646 | B85: =IFERROR(__xludf.DUMMYFUNCTION("""COMPUTED_VALUE"""),835) -> 835 | C85: =(B85-B84)/B84 -> 0.0067518688 | D85: =AVERAGE(B36:B84) -> 718.13571
A86: =IFERROR(__xludf.DUMMYFUNCTION("""COMPUTED_VALUE"""),44497.6458333333) -> 44497.646 | B86: =IFERROR(__xludf.DUMMYFUNCTION("""COMPUTED_VALUE"""),798.7) -> 798.7 | C86: =(B86-B85)/B85 -> -0.043473054 | D86: =AVERAGE(B37:B85) -> 720.83673
A87: =IFERROR(__xludf.DUMMYFUNCTION("""COMPUTED_VALUE"""),44498.6458333333) -> 44498.646 | B87: =IFERROR(__xludf.DUMMYFUNCTION("""COMPUTED_VALUE"""),802.05) -> 802.05 | C87: =(B87-B86)/B86 -> 0.0041943158 | D87: =AVERAGE(B38:B86) -> 722.82653
A88: =IFERROR(__xludf.DUMMYFUNCTION("""COMPUTED_VALUE"""),44501.6458333333) -> 44501.646 | B88: =IFERROR(__xludf.DUMMYFUNCTION("""COMPUTED_VALUE"""),803.9) -> 803.9 | C88: =(B88-B87)/B87 -> 0.0023065894 | D88: =AVERAGE(B39:B87) -> 725.14796
A89: =IFERROR(__xludf.DUMMYFUNCTION("""COMPUTED_VALUE"""),44502.6458333333) -> 44502.646 | B89: =IFERROR(__xludf.DUMMYFUNCTION("""COMPUTED_VALUE"""),800.95) -> 800.95 | C89: =(B89-B88)/B88 -> -0.0036696106 | D89: =AVERAGE(B40:B88) -> 727.66224
A90: =IFERROR(__xludf.DUMMYFUNCTION("""COMPUTED_VALUE"""),44503.6458333333) -> 44503.646 | B90: =IFERROR(__xludf.DUMMYFUNCTION("""COMPUTED_VALUE"""),785.95) -> 785.95 | C90: =(B90-B89)/B89 -> -0.018727761 | D90: =AVERAGE(B41:B89) -> 730.07551
A91: =IFERROR(__xludf.DUMMYFUNCTION("""COMPUTED_VALUE"""),44504.8020833333) -> 44504.802 | B91: =IFERROR(__xludf.DUMMYFUNCTION("""COMPUTED_VALUE"""),782.1) -> 782.1 | C91: =(B91-B90)/B90 -> -0.0048985304 | D91: =AVERAGE(B42:B90) -> 731.94286
A92: =IFERROR(__xludf.DUMMYFUNCTION("""COMPUTED_VALUE"""),44508.6458333333) -> 44508.646 | B92: =IFERROR(__xludf.DUMMYFUNCTION("""COMPUTED_VALUE"""),780.15) -> 780.15 | C92: =(B92-B91)/B91 -> -0.0024932873 | D92: =AVERAGE(B43:B91) -> 733.80102
A93: =IFERROR(__xludf.DUMMYFUNCTION("""COMPUTED_VALUE"""),44509.6458333333) -> 44509.646 | B93: =IFERROR(__xludf.DUMMYFUNCTION("""COMPUTED_VALUE"""),786.55) -> 786.55 | C93: =(B93-B92)/B92 -> 0.0082035506 | D93: =AVERAGE(B44:B92) -> 735.46122
A94: =IFERROR(__xludf.DUMMYFUNCTION("""COMPUTED_VALUE"""),44510.6458333333) -> 44510.646 | B94: =IFERROR(__xludf.DUMMYFUNCTION("""COMPUTED_VALUE"""),780.9) -> 780.9 | C94: =(B94-B93)/B93 -> -0.0071832687 | D94: =AVERAGE(B45:B93) -> 737.23265
A95: =IFERROR(__xludf.DUMMYFUNCTION("""COMPUTED_VALUE"""),44511.6458333333) -> 44511.646 | B95: =IFERROR(__xludf.DUMMYFUNCTION("""COMPUTED_VALUE"""),771.45) -> 771.45 | C95: =(B95-B94)/B94 -> -0.012101421 | D95: =AVERAGE(B46:B94) -> 738.6051
A96: =IFERROR(__xludf.DUMMYFUNCTION("""COMPUTED_VALUE"""),44512.6458333333) -> 44512.646 | B96: =IFERROR(__xludf.DUMMYFUNCTION("""COMPUTED_VALUE"""),776.6) -> 776.6 | C96: =(B96-B95)/B95 -> 0.0066757405 | D96: =AVERAGE(B47:B95) -> 739.67449
A97: =IFERROR(__xludf.DUMMYFUNCTION("""COMPUTED_VALUE"""),44515.6458333333) -> 44515.646 | B97: =IFERROR(__xludf.DUMMYFUNCTION("""COMPUTED_VALUE"""),773.3) -> 773.3 | C97: =(B97-B96)/B96 -> -0.0042492918 | D97: =AVERAGE(B48:B96) -> 740.83163
A98: =IFERROR(__xludf.DUMMYFUNCTION("""COMPUTED_VALUE"""),44516.6458333333) -> 44516.646 | B98: =IFERROR(__xludf.DUMMYFUNCTION("""COMPUTED_VALUE"""),764.05) -> 764.05 | C98: =(B98-B97)/B97 -> -0.011961722 | D98: =AVERAGE(B49:B97) -> 741.81429
A99: =IFERROR(__xludf.DUMMYFUNCTION("""COMPUTED_VALUE"""),44517.6458333333) -> 44517.646 | B99: =IFERROR(__xludf.DUMMYFUNCTION("""COMPUTED_VALUE"""),761.3) -> 761.3 | C99: =(B99-B98)/B98 -> -0.0035992409 | D99: =AVERAGE(B50:B98) -> 742.62551
A100: =IFERROR(__xludf.DUMMYFUNCTION("""COMPUTED_VALUE"""),44518.6458333333) -> 44518.646 | B100: =IFERROR(__xludf.DUMMYFUNCTION("""COMPUTED_VALUE"""),762.9) -> 762.9 | C100: =(B100-B99)/B99 -> 0.0021016682 | D100: =AVERAGE(B51:B99) -> 743.4449
...
